"SiteID","Lat","Long"
"G1990",33.37877,-80.69982
"G6113",35.31701,-79.54335
"G6122",35.05444,-79.09083
"G6123",35.18972,-79.13667
"G6161",34.71085,-78.45682
"G6164",34.74722,-78.70892
"G6251",35.13222,-79.49222
"G6252",35.19167,-79.61861
"G6253",35.08194,-79.58944
"G6255",34.6204,-79.19264
"G6278",35.63428,-78.31905
"G6280",35.91371,-78.38696
"G6281",35.50619,-77.77569
"G6282",35.49362,-77.73042
"G6284",35.6115,-77.61665
"G6285",35.72905,-78.20722
"G6286",35.51186,-77.9484
"G6287",35.41302,-77.6015
"G6290",35.67803,-77.84604
"G6291",35.80213,-78.17616
"G6293",35.45944,-77.28389
"G6294",35.40167,-77.33194
"G6296",35.02683,-77.13446
"G6297",35.06162,-77.46318
"G6302",35.385,-77.24766
"G6346",35.89009,-77.75821
"G6351",35.62462,-77.22129
"G6355",35.72667,-77.59694
"G6357",36.22639,-77.80917
"G6359",36.28722,-78.18583
"G6363",35.54583,-77.21028
"G6381",34.98417,-79.67111
"G6382",35.03528,-79.70111
"G6388",34.85639,-79.91667
"G6389",34.82972,-79.79972
"G6451",34.88111,-80.30167
"G1020",38.91544,-90.27086
"G1022",38.87213,-90.17989
"G1024",38.92018,-90.39803
"G1028",38.91535,-90.54612
"G1030",38.91654,-90.50245
"G1033",40.13539,-90.26347
"G1035",40.28857,-90.07446
"G1037",40.1905,-90.16241
"G1039",40.46382,-89.84873
"G1042",37.32581,-89.45305
"G1044",37.35653,-89.44868
"G1046",37.2607,-89.43107
"G1048",37.24652,-89.52431
"G1067",43.74442,-91.2508
"G1012",42.18286,-90.28564
"G1014",42.12156,-90.17679
"G1026",42.13602,-90.18992
"G1050",44.38612,-91.99512
"G1052",44.38792,-92.0354
"G1054",44.38425,-92.02346
"G1055",44.37782,-92.0065
"G1057",44.61148,-92.60844
"G1060",43.73241,-91.24505
"G1062",43.65154,-91.2328
"G1064",43.74075,-91.26035
"G1066",43.77362,-91.25849
"G1071",41.95499,-90.15572
"G1073",42.09582,-90.16816
"G146",39.86131,-86.87111
"G147",39.85278,-86.89267
"G148",39.84612,-86.92014
"G149",39.83183,-86.92827
"G150",39.83563,-86.93486
"G151",39.82697,-86.93788
"G152",39.81753,-86.95239
"G153",39.80869,-86.9599
"G1569",45.08879,-93.73171
"G1578",45.22471,-96.35009
"G1579",45.22643,-93.55566
"G1581",45.25201,-94.61226
"G1586",45.36604,-95.37568
"G1589",45.3842,-93.3574
"G1607",45.72179,-92.85925
"G1612",45.77863,-93.41125
"G1616",45.81355,-93.16626
"G1621",45.84157,-93.33088
"G1623",45.85221,-93.33348
"G1628",45.90114,-92.7309
"G1629",45.92043,-93.30815
"G1630",45.92043,-93.30815
"G1631",45.95089,-92.55631
"G1632",45.95387,-92.66688
"G1635",45.98158,-95.30353
"G1636",46.01487,-92.92397
"G1637",46.01766,-93.23882
"G1638",46.03818,-93.03452
"G1639",46.04765,-93.43646
"G1640",46.12211,-94.84326
"G1641",46.12531,-93.22106
"G1642",46.14195,-92.29438
"G1643",46.26353,-92.85985
"G1644",46.28296,-94.85652
"G1645",46.28296,-94.85652
"G1646",46.54215,-93.95912
"G1647",46.57353,-95.54245
"G1648",46.65651,-93.97946
"G1650",46.82736,-93.18048
"G1652",46.89917,-96.60885
"G1653",46.93026,-92.90765
"G1655",46.999,-95.61222
"G1658",47.07895,-94.10055
"G1660",47.18441,-92.35184
"G1661",47.20753,-91.94209
"G1663",47.26452,-96.24462
"G1667",47.36417,-93.49267
"G1668",47.36904,-92.46737
"G1669",47.39754,-95.14623
"G1670",47.4798,-92.0433
"G1673",47.61579,-92.9687
"G1674",47.62714,-92.2361
"G1675",43.90427,-92.33948
"G1676",47.66022,-92.31247
"G1677",47.7039,-92.85007
"G1678",47.71047,-92.86245
"G1679",47.71525,-92.65878
"G1684",47.80749,-93.00071
"G1685",47.81151,-92.65938
"G1686",47.82061,-93.05194
"G1687",47.82404,-93.02019
"G1688",47.83585,-92.7676
"G1689",47.84535,-95.8872
"G1690",47.86178,-92.79737
"G1691",47.87827,-92.95457
"G1699",48.21016,-93.8817
"G1700",48.40512,-93.51702
"G1716",44.25245,-94.80776
"G1736",44.79948,-93.5397
"G1977",40.22927,-75.11962
"G1978",40.15149,-75.6013
"G1979",39.04272,-78.59833
"G1980",38.48679,-78.96031
"G2003",44.46582,-88.21899
"G2009",43.17278,-88.10389
"G2024",42.83609,-92.2574
"G2043",36.25369,-94.27021
"G6169",36.04633,-81.7074
"G6170",35.66194,-81.63611
"G6174",35.81665,-81.74787
"G6175",35.59056,-81.56722
"G6187",35.94306,-81.63389
"G6196",35.82722,-81.73667
"G6200",36.05419,-82.21794
"G6201",35.37536,-82.54911
"G6202",36.01167,-82.1475
"G6203",35.42194,-82.50417
"G6204",35.23444,-82.6175
"G6205",35.59806,-82.93389
"G6206",35.71778,-82.62444
"G6207",35.53556,-82.69249
"G6208",36.06583,-82.00028
"G6209",35.66611,-82.63417
"G6210",36.04583,-82.29917
"G6211",35.90515,-82.38216
"G6213",35.69472,-82.61361
"G6214",35.50833,-82.97194
"G6215",35.53778,-82.95639
"G6216",35.5335,-82.69154
"G6217",35.70667,-82.75056
"G6218",35.9348,-82.74295
"G6219",35.60167,-82.40833
"G6220",35.70472,-82.66889
"G6221",35.88784,-82.14647
"G6222",35.79139,-82.53895
"G6223",35.03347,-83.96263
"G6225",34.98807,-83.89467
"G6227",35.17768,-83.88781
"G6228",35.15203,-84.06111
"G6229",35.16018,-83.92028
"G6231",35.0778,-83.97434
"G6233",35.29677,-83.18098
"G6235",35.23467,-83.39798
"G6236",35.00293,-83.37918
"G6237",35.05205,-83.36361
"G6238",35.31787,-83.51544
"G6239",35.20815,-83.35237
"G6240",35.33753,-83.23698
"G6241",35.28198,-83.50734
"G6242",35.06546,-83.37772
"G6243",35.30726,-83.79427
"G6245",35.30498,-83.13785
"G6246",35.1565,-83.45612
"G6247",35.26263,-83.4088
"G6248",35.08298,-83.3886
"G6305",36.48735,-81.50011
"G6307",36.22067,-81.63963
"G6308",36.46936,-81.32654
"G6309",36.55786,-81.2167
"G6310",36.4999,-81.03618
"G6311",36.5348,-81.42126
"G6312",36.24193,-81.66113
"G6314",36.20142,-81.64968
"G6315",36.27861,-81.86833
"G6316",36.20912,-81.77823
"G6317",36.17406,-81.74418
"G6405",36.16167,-81.50333
"G6407",36.12806,-81.39528
"G6410",36.28972,-81.27528
"G6411",36.21917,-81.13611
"G6412",36.29333,-81.095
"G6415",36.33667,-80.83472
"G6418",36.43528,-80.87267
"G6419",36.45611,-80.81667
"G660",42.53582,-93.78792
"G662",42.54116,-91.50474
"G663",42.40792,-91.34529
"G664",42.39825,-91.31532
"G665",42.47341,-91.45498
"G667",42.53627,-91.49927
"G668",42.4518,-91.80309
"G669",42.22451,-91.12323
"G672",42.38376,-91.2402
"G673",42.40773,-91.82461
"G674",42.71156,-92.44695
"G675",42.84006,-92.74607
"G676",43.36702,-91.61832
"G677",43.00908,-91.95885
"G678",43.01253,-92.39029
"G679",42.88742,-92.79344
"G695",42.33918,-93.89017
"G706",42.32914,-91.98213
"G710",42.81004,-91.66695
"G714",43.38813,-93.34133
"G717",41.99401,-91.58826
"G731",42.71355,-92.91245
"G732",42.38525,-93.26243
"G734",42.52525,-92.44074
"G744",42.35804,-90.53471
"G747",42.06543,-90.64013
"G750",42.84731,-91.91754
"G751",42.84293,-91.93985
"G757",43.4242,-93.02242
"G760",43.26106,-92.31129
"G766",43.27668,-93.35399
"G767",42.96126,-91.46128
"G775",42.4716,-91.44977
"G776",43.14297,-92.73966
"G780",42.42164,-93.8043
"G791",42.40945,-93.31828
"G792",42.81921,-91.88484
"G795",42.77796,-91.68733
"G799",41.205,-91.39905
"G807",43.15233,-92.64391
"G826",42.30222,-91.95853
"G827",43.23494,-92.9111
"G829",42.38901,-94.07908
"G832",42.20567,-91.44599
"G841",42.5413,-94.34505
"G849",42.71153,-92.58154
"G854",42.49883,-91.47109
"G855",42.52105,-91.99915
"G1988",33.9896,-80.97426
"G1989",33.75348,-81.60177
"G1992",33.95389,-84.44333
"G1993",33.89371,-84.45771
"G1994",33.74344,-84.56827
"G1995",33.52956,-84.92827
"G1996",33.34067,-85.22689
"G6112",35.91597,-79.30668
"G6114",35.77403,-79.12001
"G6117",34.54576,-78.50559
"G6118",36.01089,-79.91379
"G6124",35.52784,-79.64226
"G6125",35.70931,-79.54003
"G6126",36.25733,-79.44697
"G6127",35.98928,-79.49667
"G6128",35.94115,-79.93201
"G6129",35.40209,-79.66025
"G6132",35.54167,-79.22972
"G6133",35.46415,-79.69551
"G6137",35.51452,-78.78613
"G6138",35.82683,-79.19118
"G6144",36.00036,-79.34272
"G6145",35.62559,-79.29878
"G6146",35.72918,-79.42875
"G6148",36.03464,-79.40899
"G6149",35.78525,-79.6656
"G6152",36.17958,-79.64731
"G6153",36.1298,-79.66272
"G6159",36.08937,-79.68809
"G6160",34.61369,-78.58527
"G6162",35.48306,-79.51611
"G6163",35.82192,-79.25554
"G6173",35.42278,-81.25917
"G6178",35.085,-80.88278
"G6183",35.72083,-81.10889
"G6188",35.67508,-81.9061
"G6189",35.76611,-81.905
"G6256",35.97861,-78.56111
"G6269",35.91836,-78.53454
"G6270",35.75832,-78.58289
"G6271",35.63556,-78.72806
"G6295",36.12333,-79.15556
"G6321",36.37958,-79.87615
"G6336",36.53236,-78.65834
"G6364",36.01443,-81.50862
"G6371",35.55611,-79.84528
"G6378",36.02028,-80.76694
"G6409",36.15471,-81.32961
"G6413",36.2325,-80.95833
"G6414",36.28083,-80.87944
"G6423",36.38607,-80.52985
"G6424",36.48861,-80.61667
"G6429",36.09739,-80.67593
"G6434",35.92917,-80.81389
"G6438",35.92361,-80.82333
"G6445",35.33375,-80.66812
"G1942",39.29167,-119.31111
"G1945",37.35105,-120.96187
"G1947",37.41355,-121.01604
"G1949",38.50019,-121.04522
"G1983",35.71889,-78.75222
"G6120",35.89278,-79.01639
"G6130",35.80701,-79.52769
"G6131",36.0843,-79.79979
"G6180",35.29556,-81.18722
"G6191",35.19472,-81.08139
"G6299",35.05196,-77.56751
"G6337",36.5407,-78.19527
"G6340",36.45148,-77.78225
"G6398",35.93682,-80.11308
"G1564",44.81835,-94.80828
"G1565",44.86146,-93.37456
"G1567",44.92114,-94.80447
"G1570",45.10778,-92.87444
"G1571",45.11003,-93.1857
"G1572",45.1827,-94.52531
"G1573",45.18856,-93.28525
"G1574",45.20075,-93.03952
"G1575",43.62052,-91.85515
"G1576",45.20254,-94.54154
"G1577",45.21968,-94.51896
"G1580",45.23314,-93.23593
"G1582",45.26275,-94.80289
"G1585",45.29807,-94.97074
"G1590",45.39748,-94.98438
"G1592",45.4283,-95.23501
"G1596",45.48674,-94.96075
"G1598",45.54312,-95.93764
"G1600",45.54603,-95.87208
"G1601",45.56887,-96.11856
"G1602",43.66201,-92.15253
"G1603",45.58751,-92.97638
"G1604",45.65458,-92.90075
"G1608",43.67944,-94.40898
"G1609",45.76498,-94.20638
"G1610",45.77411,-94.19852
"G1613",45.77918,-94.97941
"G1619",43.70281,-91.67311
"G1620",45.83505,-93.61943
"G1622",45.84794,-94.91384
"G1625",45.8623,-95.85962
"G1633",45.96461,-95.88651
"G1649",46.67741,-93.3159
"G1657",47.00031,-92.74163
"G1662",43.89035,-93.7937
"G1664",47.3094,-91.79647
"G1698",48.15526,-93.31341
"G1704",43.9791,-94.5191
"G1705",43.98255,-94.91944
"G1706",44.04403,-94.19392
"G1707",44.04953,-93.99846
"G1708",44.07419,-93.77057
"G1709",44.13665,-95.10027
"G1711",44.18224,-95.61268
"G1713",44.21137,-94.19119
"G1714",44.23273,-93.93835
"G1715",44.23998,-96.00864
"G1717",44.31026,-95.96087
"G1722",44.44385,-94.11893
"G1723",44.49887,-95.53418
"G1724",44.50165,-95.69863
"G1726",44.51304,-94.09222
"G1727",44.55637,-93.93246
"G1728",44.55686,-93.58341
"G1729",43.57398,-94.10491
"G1730",44.60665,-93.793
"G1731",44.62277,-94.09139
"G1732",44.70915,-93.35078
"G1738",44.81192,-94.6904
"G1739",44.81308,-93.54103
"G1941",38.88014,-119.69181
"G1961",43.00222,-115.2025
"G1981",38.81289,-77.22832
"G1998",33.31345,-86.80638
"G2001",45.76361,-88.46361
"G2005",43.09696,-87.97231
"G2012",43.04383,-88.00511
"G2014",42.925,-87.87
"G2020",45.04997,-93.31023
"G2030",39.74249,-104.99998
"G2054",31.62593,-110.17452
"G601",38.4353,-96.5484
"G603",38.4923,-96.5843
"G604",38.44,-96.5614
"G6376",35.16389,-79.90056
"G6402",35.56833,-80.17944
"G666",42.84507,-92.23308
"G670",42.04751,-90.8537
"G671",41.68668,-94.37158
"G682",43.31617,-94.40106
"G683",41.8474,-90.57788
"G684",41.54475,-94.31602
"G688",43.17218,-91.21958
"G689",40.67042,-94.65089
"G690",41.16319,-94.92817
"G691",41.33496,-91.37337
"G692",41.77599,-90.61269
"G693",41.71284,-90.41258
"G698",43.11277,-91.23392
"G704",41.17399,-94.62411
"G718",42.94442,-93.57652
"G720",42.89898,-93.60945
"G721",41.30104,-92.7271
"G722",41.20545,-92.64877
"G723",41.83663,-93.96773
"G725",41.82669,-92.45481
"G727",42.19665,-90.64833
"G728",43.00079,-95.24963
"G729",40.93835,-93.26857
"G730",42.015,-90.23185
"G735",40.59392,-92.85419
"G736",41.53744,-93.258
"G738",41.65804,-93.27112
"G739",41.7755,-94.46292
"G740",42.07728,-94.24838
"G746",42.64096,-95.73442
"G753",42.7882,-91.12567
"G761",43.43382,-93.59606
"G762",40.74555,-92.33147
"G763",43.14726,-95.83442
"G770",42.95497,-94.37673
"G772",42.18745,-90.45415
"G778",42.84052,-93.01617
"G779",40.99495,-93.30936
"G785",41.89942,-92.47435
"G788",40.66127,-93.61312
"G800",41.77235,-90.44118
"G804",40.96592,-93.61321
"G815",41.60417,-91.70935
"G819",42.90273,-93.26263
"G821",41.5415,-93.59219
"G823",41.63845,-93.38063
"G828",43.46297,-92.63058
"G831",40.58212,-94.14781
"G833",43.48395,-95.20949
"G834",43.30092,-95.20613
"G835",43.34118,-95.95711
"G837",41.09395,-95.19043
"G838",42.08211,-93.21856
"G844",41.45358,-94.07107
"G845",42.0638,-93.61984
"G847",40.60719,-91.68271
"G851",41.1044,-93.38099
"G852",43.13269,-94.13984
"G853",43.15623,-94.28881
"G1583",45.29451,-94.84039
"G1587",45.36612,-94.98994
"G1597",45.51322,-92.96385
"G1611",45.77863,-93.13241
"G1712",44.20998,-94.53943
"G1974",45.1004,-122.82176
"G1976",45.40345,-122.75482
"G1997",32.03389,-83.99639
"G2000",34.96092,-86.4636
"G2025",42.31508,-93.15206
"G2028",42.92696,-88.14592
"G2033",41.56117,-96.54083
"G2037",36.45444,-93.35611
"G2039",35.93889,-93.405
"G2055",34.53864,-111.69404
"G602",38.4619,-96.5742
"G6116",35.98721,-79.35878
"G6119",35.92632,-79.02827
"G6134",34.99083,-79.11972
"G6141",35.26583,-78.81944
"G6147",35.53833,-79.33583
"G6150",36.28249,-79.61162
"G6158",35.66028,-79.40222
"G6224",35.02214,-83.68202
"G6250",35.18778,-79.64861
"G6254",34.03361,-78.28009
"G6257",36.1638,-78.9489
"G6258",36.28982,-78.94432
"G6259",36.02709,-78.60131
"G6260",36.14972,-78.94639
"G6261",36.27719,-79.94328
"G6262",36.08833,-78.60222
"G6263",35.95191,-78.68748
"G6264",35.84471,-78.71177
"G6266",35.70596,-78.43155
"G6267",35.96167,-78.5425
"G6268",36.24037,-78.889
"G6272",35.61444,-78.725
"G6274",35.25426,-77.67314
"G6275",35.32988,-77.42666
"G6276",35.34841,-77.97989
"G6277",36.02197,-78.8704
"G6279",35.59644,-78.16343
"G6283",35.69228,-77.90583
"G6288",35.47053,-77.88345
"G6289",35.61194,-77.80528
"G6292",35.57129,-77.80886
"G6298",35.00583,-77.28139
"G6300",35.03223,-77.57944
"G6304",35.76823,-78.69119
"G6328",36.54069,-79.26307
"G6329",36.49517,-78.50401
"G6331",36.50792,-79.29307
"G6332",36.48297,-78.97938
"G6339",36.51008,-78.0798
"G6348",36.3576,-78.14504
"G6350",36.27793,-77.88415
"G6352",36.36583,-77.94333
"G6353",36.14861,-78.34167
"G6354",36.17194,-78.4875
"G6360",36.18222,-78.45583
"G6361",36.33333,-78.76833
"G6362",36.06,-78.35389
"G6366",35.04361,-80.00556
"G6374",35.32694,-79.85028
"G6377",35.08861,-79.83528
"G6379",34.98722,-79.84528
"G6383",35.02222,-79.68333
"G6386",34.92278,-80.01861
"G6390",35.36333,-80.11583
"G6436",35.1975,-80.37389
"G6437",35.3825,-80.34278
"G6439",35.075,-80.36833
"G6440",35.41417,-80.75194
"G6441",34.91167,-80.36333
"G6443",35.18028,-80.16778
"G6448",35.41583,-80.55583
"G680",42.1136,-93.56107
"G681",42.17706,-93.53998
"G694",41.29589,-94.07614
"G697",41.84936,-93.24152
"G699",42.84789,-95.61304
"G707",41.5222,-95.30444
"G713",41.36017,-94.10994
"G741",41.89218,-94.09688
"G749",42.10882,-91.90975
"G754",41.73159,-91.15097
"G755",42.13364,-91.71937
"G758",42.03726,-93.65132
"G771",42.02781,-94.29991
"G777",42.07018,-94.28649
"G782",43.18381,-95.07184
"G787",40.83555,-93.85719
"G790",42.10767,-93.56874
"G793",41.49526,-92.60658
"G802",41.20845,-91.37181
"G808",42.51251,-92.45026
"G814",42.57178,-93.101
"G817",41.26692,-93.08708
"G818",41.6891,-94.26075
"G824",42.55496,-92.81647
"G825",42.39439,-92.48685
"G839",42.07842,-93.18633
"G843",40.89431,-92.26798
"G848",40.76102,-92.01724
"G1950",42.71175,-72.6687
"G6091",35.3279,-81.59386
"G6121",36.03444,-79.78028
"G6143",36.17972,-79.95309
"G6156",36.12799,-79.92401
"G6157",36.13639,-79.86083
"G6179",35.75337,-81.04496
"G6333",36.36905,-78.40817
"G6358",36.31297,-78.72116
"G6385",35.82567,-80.58494
"G6393",35.7975,-80.60278
"G6396",35.69583,-80.48167
"G6416",35.98611,-80.52556
"G6086",35.45901,-81.97892
"G6087",35.2501,-81.63068
"G6088",35.24133,-81.56611
"G6089",35.47748,-81.65802
"G6090",35.44838,-81.56938
"G6093",35.46306,-81.6725
"G6094",35.43667,-81.6525
"G6096",35.21825,-81.85009
"G6097",35.3686,-81.84749
"G6099",35.52944,-81.69944
"G6100",35.5176,-81.97202
"G6102",35.3625,-82.01694
"G6103",35.48681,-82.11031
"G6104",35.35399,-82.10322
"G6105",35.38083,-81.86583
"G6106",35.32833,-82.25583
"G6107",35.26888,-82.13936
"G6108",35.22333,-82.25611
"G6109",35.43616,-81.8847
"G6110",35.27971,-81.43011
"G6111",35.20468,-82.15883
"G6115",36.10694,-79.75306
"G6135",35.46682,-78.8583
"G6136",35.4872,-78.90999
"G6140",35.87556,-79.87722
"G6142",35.87989,-79.77032
"G6154",36.02979,-79.71919
"G6155",35.99885,-79.64291
"G6165",35.17639,-81.21611
"G6167",35.91778,-81.31278
"G6171",35.335,-81.13361
"G6176",35.45419,-81.03372
"G6177",35.47017,-81.1197
"G6181",35.82517,-81.63581
"G6182",35.93335,-81.22397
"G6185",35.76333,-81.57
"G6186",35.88935,-81.32069
"G6190",35.55132,-81.3186
"G6192",35.64996,-81.85481
"G6194",35.01111,-80.82778
"G6195",35.79944,-81.605
"G6197",34.83667,-80.79167
"G6198",35.62035,-82.17904
"G6199",35.60552,-82.11167
"G6265",35.57528,-78.44333
"G6319",36.3827,-79.98052
"G6320",36.38166,-79.90768
"G6322",36.50451,-79.96249
"G6323",36.49037,-79.40411
"G6326",36.47247,-80.34865
"G6327",36.48148,-79.55813
"G6330",36.50771,-79.33527
"G6334",36.5317,-78.73919
"G6335",36.47246,-78.66422
"G6341",36.43996,-80.31087
"G6342",36.49413,-80.27104
"G6343",36.43163,-80.29793
"G6344",36.4618,-80.14993
"G6345",36.2642,-80.23223
"G6356",36.11611,-78.02111
"G6365",36.07889,-80.9775
"G6367",35.76444,-80.00278
"G6368",35.43868,-79.99935
"G6369",35.71583,-79.93028
"G6370",35.61056,-79.95667
"G6372",35.48194,-79.85028
"G6373",35.39389,-79.89722
"G6375",35.3,-79.90806
"G6384",34.90417,-79.99917
"G6387",34.89611,-80.01139
"G6391",35.7675,-80.62583
"G6392",36.05319,-80.36921
"G6394",35.69694,-80.61167
"G6395",35.89611,-80.92278
"G6397",35.93852,-80.14644
"G6399",35.9469,-80.53601
"G6400",35.83167,-80.16306
"G6401",35.61306,-80.17333
"G6404",36.04306,-81.41472
"G6417",36.30139,-80.76806
"G6420",36.46223,-80.74246
"G6421",36.33803,-80.69273
"G6422",36.55361,-80.56889
"G6425",36.52722,-80.71083
"G6426",35.88639,-80.99
"G6427",36.31306,-80.40056
"G6428",36.13608,-80.62961
"G6430",36.04556,-80.35417
"G6431",36.0391,-80.30403
"G6432",36.00611,-80.30194
"G6433",35.22111,-80.03306
"G6435",35.31417,-80.46528
"G6444",35.32611,-80.77361
"G6446",35.30333,-80.59472
"G6447",35.34833,-80.54833
"G6449",35.47497,-80.77946
"G6450",35.76556,-79.9925
"G1018",42.2254,-90.36564
"G1605",45.70315,-95.17962
"G6273",35.24889,-77.78444
"G6301",35.38583,-78.09361
"G1953",41.16377,-73.41954
"G1954",41.13537,-73.42623
"G6249",35.12306,-79.54278
"G1987",35.92361,-79.115
"G6139",36.18891,-79.39476
"G6347",36.26806,-78.56778
"G6349",36.22311,-78.5756
"G6380",35.00778,-79.66083
"G1666",47.35517,-96.83732
"G1825",48.0321,-110.2068
"G1845",47.92127,-110.4952
"G1852",47.68004,-110.9907
"G1886",47.74669,-109.5755
"G701",41.44666,-93.69258
"G703",40.77723,-94.93852
"G711",41.2104,-95.82722
"G716",41.57769,-94.3304
"G781",41.76361,-94.08356
"G803",41.55117,-91.54619
"G846",41.31854,-95.12912
"G850",41.14477,-95.7021
"G1568",43.59545,-91.91168
"G1614",45.79921,-94.1898
"G1615",45.80997,-94.1979
"G1617",45.81859,-94.20729
"G1618",45.82946,-94.2016
"G1627",45.88155,-93.50687
"G1703",43.9791,-94.5191
"G1719",44.42864,-93.97797
"G1721",44.4424,-94.66526
"G1725",44.50383,-92.74896
"G1734",44.73674,-96.42132
"G1967",42.87611,-74.60306
"G1969",42.78361,-73.85667
"G2008",43.20667,-88.14287
"G2022",44.83996,-95.23918
"G2041",35.99167,-92.21389
"G6095",35.31247,-81.98208
"G6098",35.53633,-81.77202
"G6166",35.645,-82.15917
"G6184",35.7637,-81.7645
"G6193",35.69796,-81.76294
"G6212",35.50834,-82.96628
"G6226",35.05232,-84.18192
"G6230",35.07541,-84.02062
"G6232",35.37871,-83.4721
"G6306",36.40727,-81.68085
"G6318",36.55018,-80.43263
"G6324",36.48347,-79.78587
"G6325",36.42052,-79.79019
"G6338",36.52406,-80.30726
"G6403",36.04611,-81.53028
"G6406",36.07444,-81.35278
"G6408",36.18416,-81.30389
"G685",43.02713,-91.66992
"G700",42.46889,-95.01163
"G705",42.26014,-94.05523
"G708",43.16042,-91.53295
"G709",42.80826,-91.65524
"G715",43.44005,-91.95888
"G724",42.66267,-93.23074
"G726",42.52707,-91.04211
"G733",41.95094,-93.60941
"G737",42.32027,-90.76486
"G742",42.41787,-90.76461
"G743",43.31857,-92.71387
"G748",42.96866,-95.42425
"G752",40.72071,-93.87921
"G756",43.32267,-92.73617
"G769",42.94484,-91.76021
"G774",41.53244,-90.75179
"G783",43.24296,-92.11447
"G789",43.46659,-91.89082
"G794",42.51612,-90.83387
"G796",42.62454,-91.10953
"G798",42.67356,-91.39564
"G801",42.56079,-90.94029
"G805",42.75682,-91.56328
"G806",43.14163,-92.3741
"G810",43.33611,-91.87309
"G811",43.28904,-91.75939
"G816",43.07914,-95.459
"G822",42.85083,-92.77662
"G836",42.27882,-93.98763
"G840",42.93814,-93.42968
"G842",41.37216,-92.45303
"G948",39.0987,-96.5671
"G949",39.0808,-96.5721
"G950",39.0804,-96.5829
"G951",39.1104,-96.5924
"G2040",35.97868,-92.48155
"G1991",34.15593,-84.21853
"G1940",40.66431,-111.89886
"G686",42.08078,-95.36972
"G687",42.10935,-95.32862
"G745",41.52149,-92.67679
"G759",41.27498,-95.14557
"G768",42.3273,-95.58853
"G830",41.80192,-95.18778
"G1693",47.93301,-90.14322
"G1744",47.0153,-113.1335
"G1751",47.04915,-113.1711
"G1752",47.00717,-113.1735
"G1753",47.00009,-113.1816
"G1756",47.05927,-113.1875
"G1760",46.99613,-113.2311
"G1761",47.02185,-113.2312
"G1776",46.99595,-113.3885
"G1865",46.97521,-112.5385
"G1882",46.96542,-112.7254
"G1883",46.93757,-112.736
"G1897",46.93848,-112.9319
"G1898",46.88659,-112.9438
"G1899",46.89276,-112.9487
"G1901",47.01316,-112.963
"G1905",46.99538,-113.0209
"G2051",38.16333,-106.29058
"G1957",47.30265,-118.36914
"G1960",42.5625,-114.49472
"G1962",43.56572,-116.13206
"G1963",43.66056,-116.27917
"G1964",43.68488,-116.57374
"G1965",43.81516,-117.02044
"G1966",46.75848,-118.14885
"G1566",44.91666,-92.78705
"G1584",43.63574,-92.22278
"G1591",45.39804,-95.89526
"G1593",45.4443,-94.6212
"G1595",45.44791,-94.32381
"G1599",45.54481,-94.82404
"G1606",45.71508,-95.00682
"G1624",45.85335,-94.19247
"G1626",45.87264,-94.14607
"G1634",43.73063,-91.87946
"G1651",46.86397,-92.04736
"G1654",46.9847,-93.79281
"G1656",43.86288,-91.6436
"G1659",47.10103,-93.10786
"G1671",47.50664,-91.11831
"G1680",47.72156,-91.41194
"G1681",47.77043,-90.8938
"G1682",47.77682,-93.0772
"G1692",47.88129,-93.23643
"G1695",47.9646,-90.32003
"G1696",48.01887,-90.03405
"G1697",48.07319,-92.13169
"G1701",48.59719,-95.46176
"G1702",48.7254,-95.6339
"G1720",44.44036,-92.32634
"G1737",44.80883,-93.55155
"G1891",47.04754,-112.9094
"G1900",46.89513,-112.9507
"G1970",42.11694,-74.38028
"G6092",35.33627,-81.69957
"G6101",35.46676,-81.90538
"G6151",36.08169,-79.82858
"G6168",35.81019,-81.09854
"G6172",35.40475,-81.24576
"G6313",36.46791,-81.13259
"G6442",35.94417,-80.86778
"G661",42.96247,-91.2293
"G696",43.45087,-91.62003
"G702",41.18832,-95.37194
"G712",41.26936,-95.80739
"G719",43.47592,-91.64497
"G773",40.8683,-95.27474
"G784",43.08619,-91.22421
"G786",43.48697,-91.55773
"G809",42.9471,-91.23289
"G813",43.26214,-91.66779
"G1958",46.34346,-120.18699
"G1975",45.68234,-123.06955
"G1943",39.51762,-119.74164
"G1944",39.56545,-119.48619
"G1959",44.09889,-110.6675
"G1665",47.32232,-91.21677
"G1672",47.61257,-90.91839
"G812",43.37718,-91.39736
"G1694",47.93714,-89.99889
"G1710",44.14454,-92.05579
"G1594",45.44481,-96.1446
"G1718",44.36859,-93.97913
"G1733",44.70947,-93.54998
"G1735",44.7605,-95.4069
"G764",41.31086,-95.6408
"G2013",42.9975,-87.92639
"G820",41.53649,-93.64213
"G1956",47.69565,-122.27624
"G1588",45.37216,-92.69359
"G1764",45.87433,-113.2369
"G1851",47.68716,-110.9841
"G765",41.68775,-95.47453
"G1740",47.03064,-113.0667
"G1741",46.97965,-113.0897
"G1742",46.92998,-113.1127
"G1743",47.09294,-113.1231
"G1745",46.91283,-113.1353
"G1746",47.08259,-113.1367
"G1747",47.12195,-113.1457
"G1749",47.08286,-113.1707
"G1754",47.04805,-113.1862
"G1758",47.04011,-113.2182
"G1763",47.08807,-113.2351
"G1765",47.08723,-113.2389
"G1766",46.99845,-113.2461
"G1767",47.07743,-113.2555
"G1768",46.97741,-113.2638
"G1769",47.01075,-113.2664
"G1770",47.01555,-113.2699
"G1771",47.08705,-113.2783
"G1772",46.97029,-113.3113
"G1773",47.13709,-113.3124
"G1774",47.13141,-113.3147
"G1775",47.15995,-113.344
"G1777",46.89662,-113.389
"G1778",46.90207,-113.3944
"G1779",47.00414,-113.405
"G1780",46.92033,-113.407
"G1781",46.92646,-113.4165
"G1782",47.01496,-113.4373
"G1783",46.93422,-113.4547
"G1784",46.95518,-113.5703
"G1786",46.88403,-113.5779
"G1787",46.97274,-113.58
"G1789",47.00454,-113.6064
"G1790",46.94176,-113.669
"G1791",46.89283,-113.6785
"G1792",46.98852,-113.6792
"G1793",46.88771,-113.6814
"G1794",46.68098,-113.7064
"G1795",46.91516,-113.7104
"G1796",46.91444,-113.7158
"G1798",47.81674,-113.8344
"G1817",47.76383,-115.0749
"G1818",47.81462,-115.1397
"G1823",47.66171,-115.193
"G1824",47.70249,-115.2067
"G1830",47.57597,-115.6501
"G1832",47.57055,-115.6719
"G1833",48.03365,-115.6902
"G1834",48.12162,-115.7
"G1835",48.0242,-115.7049
"G1836",48.11329,-115.7755
"G1837",48.16608,-115.7814
"G1838",48.16781,-115.7884
"G1844",46.7236,-110.3735
"G1850",46.43835,-110.8146
"G1866",46.87284,-112.5487
"G1867",47.01898,-112.552
"G1868",47.06604,-112.5541
"G1869",47.02018,-112.5629
"G1870",46.96516,-112.5633
"G1871",46.87536,-112.5976
"G1872",47.07214,-112.6123
"G1873",47.08986,-112.6459
"G1875",46.89282,-112.6497
"G1876",46.93923,-112.6689
"G1878",47.08537,-112.6828
"G1881",46.89526,-112.7232
"G1884",47.00879,-112.753
"G1885",46.90236,-112.7562
"G1887",46.93461,-112.7657
"G1888",46.96383,-112.8802
"G1889",46.94485,-112.8993
"G1890",46.94506,-112.9054
"G1893",46.89052,-112.9152
"G1894",47.06299,-112.9225
"G1895",47.03639,-112.9252
"G1902",47.11073,-112.9721
"G1903",47.04397,-113.006
"G1907",46.9988,-113.0244
"G1908",47.02144,-113.0255
"G1910",47.00016,-113.0342
"G1952",47.51426,-123.32989
"G1955",47.31232,-122.1654
"G1973",44.95568,-122.62842
"G1755",47.00112,-113.1873
"G1785",46.96137,-113.5741
"G1877",45.1972,-112.6808
"G1828",48.42033,-115.6053
"G1829",48.43097,-115.6239
"G1842",48.4957,-115.9185
"G1859",44.94893,-111.9799
"G1879",46.95416,-112.7229
"G1880",46.95181,-112.723
"G1683",47.78533,-90.33209
"G1862",45.51715,-112.3456
"G1909",46.99679,-113.0264
"G797",42.7085,-91.4261
"G1811",48.89019,-114.7962
"G1826",48.18012,-115.5715
"G1827",48.57954,-115.5963
"G1831",48.47923,-115.654
"G1840",48.49902,-115.8597
"G1841",48.34427,-115.8773
