"Species","Nsites","Nyears","OLS_a","OLS_mu","OLS_S","OLS_J","OLS_R2","GLS_a","GLS_mu","GLS_S","GLS_J","deltaAIC","PC1_trophic","PC2_trophic","PC1_life","PC2_life","PC1_habitat","PC2_habitat","PC1_habsub","PC2_habsub"
"Acantharchus pomotis",36,17,2.31156700450869,1.80539886854202,-0.00535306345572058,0.0937184485889914,0.955819077894581,2.52534755116999,1.87010465561154,-0.00231873854285525,-0.150940560471027,-10.891824684519,-0.204752002947738,-0.0428324499147344,0.073504374768535,0.037382178902618,-0.406041178940433,-0.0940771790453153,-0.163405737107908,-0.209264557369427
"Alosa chrysochloris",14,26,1.88671740609437,1.59252453498181,0.0263389670510882,-5.00682352247582,0.937940453548346,2.50854999923989,1.6139534742163,0.0175319449992767,-5.29231772578305,-7.00911333433032,-0.306501105533214,-0.0501195858549304,-0.0191732962884848,0.0161126873578985,-0.0219426636584441,-0.171846627243083,-0.096187202770307,-0.169946789767502
"Ambloplites rupestris",209,36,2.72074361234612,1.68187128854541,-0.0272466631286255,0.654652144813098,0.958279346757125,2.72074361023904,1.68187128829336,-0.0272466631112997,0.654652146741623,-22.3616094402522,-0.204752002947738,-0.0428324499147337,-0.0366730076081354,-0.0274251549422612,-0.2041183993345,0.0265187097326905,-0.408203560435045,0.0750896965346551
"Ameiurus brunneus",64,27,2.23844053743424,1.63424313682985,0.00567674349796615,-0.417456367793195,0.967339151432995,2.13803974623527,1.6409705818774,0.00851255359825675,-0.369945506967589,-15.8928765814396,0.0618983517709352,-0.0833012252103818,-0.016654074745801,0.00672056759803431,0.111588108501147,0.236606765321213,0.232638397609596,0.0557968011104576
"Ameiurus catus",22,19,3.00954058509375,1.85246307661442,-0.0145198641878191,-0.490995572688087,0.98774509538096,2.83130831540108,1.85286379604357,-0.0143487113526654,-0.20935760263579,-14.0170327424868,0.000212201101785549,-0.225542480417339,-0.128971216768563,-0.0111827613114965,0.0446800521996408,0.02862074896376,-0.109309250592635,0.0398392834476873
"Ameiurus melas",208,31,3.1654170307158,1.90767515643719,-0.00733850978568272,-0.0600498886395137,0.980523283200539,3.18203560398311,1.90954033717686,-0.00753346667332769,-0.0716310931794641,-22.5728061972837,0.157529661566642,-0.267682171634776,-0.0369634277762146,0.00299927418765473,-0.404454732599547,-0.0792366027870868,-0.226147497719702,0.01215475528695
"Ameiurus natalis",312,35,2.06246641519341,1.67326771784939,0.00957244973212937,-0.0695483065151333,0.950973822126521,2.07895786564297,1.67252052720852,0.00950246706250291,-0.090580509292959,-23.9760049574743,0.199013908566517,-0.352662844896268,-0.0379269634583065,0.0406475499653472,-0.034823340979943,0.289526368145858,-0.188809343468922,0.2736335525219
"Ameiurus nebulosus",77,28,1.40774958198548,1.63674844638577,0.00533340899721002,0.851971492212919,0.95452078125703,1.40774958149368,1.63674844635818,0.00533340899535921,0.851971492932405,-20.5359218961779,0.289053523095084,-0.199297829478082,-0.0761514631693942,0.0469234205083908,-0.190954016055309,0.112683411487901,-0.372248351575558,0.0764437562534617
"Ameiurus platycephalus",214,28,2.42782379200756,1.68408316537562,0.00218190307073979,-0.488717596714181,0.958664618224649,2.41457449087343,1.68573690765802,0.00289620157294874,-0.492829763477299,-21.0396813285952,0.0618983517709354,-0.0833012252103828,-0.0052604471658777,-0.0311431614075512,0.0698762588698764,0.0214160794365236,-0.0766663422586943,0.298433585397471
"Amia calva",76,27,1.65505602867765,1.24333525042062,-0.00582467123797406,-0.592688839175373,0.94884107091191,1.69165931631817,1.24396281986028,-0.0059211532017926,-0.646080307565406,-20.6442030798536,-0.204752002947738,-0.0428324499147343,-0.235223961342598,-0.0268573467867499,-0.170319826092373,-0.0778229977486515,-0.153858819716948,-0.228739552700703
"Ammocrypta clara",10,22,1.5210341067,1.33349582861635,0.0155356981408151,-1.74875838988518,0.966654233022578,1.52103410669082,1.33349582861538,0.0155356981407845,-1.74875838986786,-23.3867630667715,-0.0835613093979992,0.235592540765975,0.103798398074258,0.0186602059556593,0.13972678266801,-0.0961283310646757,0.271496996275378,-0.107214651976369
"Aphredoderus sayanus",155,29,2.56809019515522,1.77705667157207,0.00231116990446963,-0.402396237161139,0.96217094646111,2.56809019571978,1.77705667159351,0.00231116989781797,-0.402396237530994,-22.3306498538161,-0.204752002947738,-0.0428324499147343,0.0640076382859383,0.0523620183810672,-0.321634672418273,-0.087249183564808,-0.221572674880977,0.000275493958945899
"Aplodinotus grunniens",69,27,3.7682148462663,1.73005655282333,-0.0428623852956783,-0.0652092789071042,0.966763808434307,3.70104951169144,1.7403599055105,-0.0435599995970945,0.0824774910979363,-16.4266255043256,-0.204752002947738,-0.0428324499147343,-0.202052598959936,0.0371526043198135,-0.208508145200106,-0.0551097045460299,-0.197463824324925,-0.21951216802123
"Campostoma anomalum",347,37,2.8978656376722,1.80226040731689,-0.00650123080515943,0.284272860282342,0.984865790207681,2.8978656372607,1.80226040717435,-0.00650123083364826,0.284272863369438,-25.9173838987416,0.28025360183688,0.151375659306082,0.0118852662881196,0.00951959287408428,0.320725193427571,-0.0795319580199283,0.399200255880871,0.23013286433757
"Campostoma oligolepis",34,21,3.32438946874033,1.85547242406703,0.00485938640809285,-1.24734038590458,0.987826273986561,3.3243894669849,1.85547242398225,0.0048593865942419,-1.24734039233867,-14.7209719890556,0.28025360183688,0.151375659306082,0.0332342486603768,0.0221755735961106,0.173654465711932,-0.100203972849185,0.362876062842253,-0.0825550216122311
"Campostoma pauciradii",5,19,12.0148172772864,1.52758811903297,-0.0959185309567533,-11.5485431400793,0.997846153872577,11.318513123094,1.54386803665076,-0.084204645640304,-10.9567428487897,-28.9203011647524,0.289122799348494,0.253154318588609,0.0251756616176947,0.0385766796622043,0.169373868859988,-0.0926041861633484,0.364917471920563,-0.0727627679341084
"Carassius auratus",22,27,1.60661253297371,1.39358116431732,-0.00803480879421768,0.372078178038222,0.962807636894219,1.63301586367435,1.38624193413575,-0.00809474838164237,0.334281308349211,-16.896251437244,0.248940185453487,-0.0861245044790845,-0.108149810301747,-0.00385414062519591,-0.268619592538258,-0.195789845636142,-0.238552135435256,-0.00684785393069671
"Carpiodes carpio",109,31,3.46498008610011,1.68062748338533,-0.0387648522552263,0.190100746257328,0.957671036784419,3.54731162961393,1.68007251310113,-0.039555137993526,0.120263699207637,-18.8566909338066,0.338702385863072,0.0579054026769036,-0.0922550617645922,-0.0069703628632591,-0.193738310545825,0.038277373686202,-0.277964372050131,-0.155825593493099
"Carpiodes cyprinus",138,31,2.23894212665734,1.70148605041622,-0.0210760877640975,1.364582813941,0.961557956577252,2.23894212952881,1.70148605071669,-0.021076087792051,1.36458281188158,-21.957797233739,0.338702385863072,0.0579054026769035,-0.122715307921902,0.0237672357327762,0.226528174144345,0.00951730156468426,0.014038378980379,-0.0614149265693584
"Carpiodes velifer",60,30,2.74727668484903,1.7000037237258,-0.0192047934125636,0.629105646201112,0.949499696122102,2.83492027417828,1.70022759591788,-0.0201918066239187,0.578840597035661,-17.2919679995732,0.222197314793298,0.177934291797839,-0.0532491426259021,-3.9301178946665e-07,-0.0253401444709012,0.0498354954486346,0.00852495925552672,-0.209623013519891
"Catostomus catostomus",23,22,2.23001392645743,1.74368097880877,0.0105383527693101,-0.0257936024501919,0.994890136460392,2.22090045406945,1.74441906834696,0.0108278451822491,-0.0172373360799688,-22.0189151463379,0.0140573856606621,0.0771457055041414,-0.113740921551592,-0.0481043771965106,-0.00117243806852164,-0.126962304752537,-0.0163335162890601,-0.177316544400535
"Catostomus columbianus",9,23,-1.26331590748482,1.82161581646146,0.0483688469167586,4.23644865486282,0.974160022764018,-2.08762390997809,1.90895464757905,0.0468603804503151,4.89819072551165,-27.9528108171014,0.147986976367111,0.0338684013264814,-0.072493667496499,0.00161418788054857,0.126916500848078,0.0340864547445045,0.228972358120335,-0.00203372117018249
"Catostomus commersonii",591,37,2.8706918534818,1.8252858114036,-0.0116166762250311,0.266962284458475,0.979244376177232,2.87726076893588,1.82446598544357,-0.0117399707879296,0.262313089336491,-26.3831453714305,0.415288660498125,0.012251894882381,-0.0821057834273393,0.0406961961083628,-0.0410452366927029,0.400835160734218,-0.206309189416522,0.442316691929761
"Catostomus macrocheilus",17,26,1.68784823103045,1.62252176084818,0.0530062083464534,0.187057421680138,0.978018188339658,1.67053679817737,1.61083416111251,0.0537036729984352,0.224562453611159,-14.0190465468675,0.249778486031716,-0.450551817260517,-0.143488258007876,-0.0629977177204353,-0.0260262801702206,-0.131963159082345,-0.101686357172728,-0.198087464265989
"Catostomus platyrhynchus",13,18,1.93826172973079,1.92813701854182,-0.062256720512866,2.09940841573732,0.960854927259857,1.9382617292918,1.92813701845457,-0.062256720498918,2.09940841608612,-14.3431564858604,0.167390786264086,0.0859269158677929,-0.0331548233366312,-0.0749148132367249,0.0536197189403868,0.076626774626774,0.112357478133384,0.223746800638372
"Centrarchus macropterus",50,24,2.94929987565345,1.80967446524189,-0.0069864974580172,-0.430479149671642,0.968164655318764,2.76004245971017,1.8047115401549,-0.00256194571431534,-0.340120618023984,-16.6249192057742,-0.0672021598436545,-0.0838224409466549,0.0258250535052772,0.0442013040378826,-0.258962960747188,-0.134162327391709,-0.237361277776994,-0.0161518072233516
"Chrosomus eos",48,21,2.84501302234062,1.9177362278246,0.00491878582485238,-0.260325599181798,0.992236520049592,2.8450130235822,1.91773622777836,0.00491878580962914,-0.260325600452322,-21.6908200117059,0.0138350105622201,0.0634023967897983,0.0921839665983342,-0.0297802711720705,-0.00817401950383791,0.239297112503177,-0.134113952668867,0.0608852277443052
"Chrosomus erythrogaster",51,25,2.13849769235843,1.8103159103709,0.0101750775115774,0.261368475475285,0.988525641804858,2.13849769323009,1.81031591026963,0.0101750775134046,0.261368474259819,-17.9920870706859,0.338702385863072,0.0579054026769036,0.0834598945582463,0.0137998547645527,0.057541408525591,-0.0583843015917587,0.204803072418091,-0.116883648189996
"Chrosomus oreas",47,19,2.39343171827014,1.88789838267231,0.00513281450154778,-0.13805483421466,0.990536123297612,2.44891605288138,1.8892984256801,0.00445464332810191,-0.199845925254037,-17.7045419942302,0.222197314793298,0.177934291797839,0.0696718965194549,0.0243490000878539,0.118186173629367,0.0299453435808271,0.231664863624614,0.0140069568092961
"Clinostomus funduloides",193,26,2.30026081935565,1.78718633437894,-0.0102150214707643,0.578015607301555,0.984259236340154,2.30840765206385,1.78681750135823,-0.0108644638336934,0.586225715166031,-22.4971542794874,-0.0233512363642646,0.0469599867453429,0.0411029421162026,0.0576795850201771,0.216373791685766,-0.109311288497578,0.265579586915489,-0.044440389373788
"Cottus bairdii",95,27,2.29892088614982,1.85753957619737,-0.0138060957667711,0.951660643161889,0.991221945687658,2.3084521987915,1.85707108246702,-0.0134294976596236,0.930417745369008,-21.2656308029303,-0.169700459659937,-0.258046629400051,0.0215221993426482,0.083601613716323,0.104528302368661,-0.10323779328891,0.113516350575307,-0.0236718410640344
"Cottus carolinae",10,21,-0.174746152565667,1.62449359201737,0.0114571708634459,3.68676036836068,0.96384751045498,-0.174746153850452,1.62449359230612,0.0114571708860608,3.68676036852306,-20.9722684808234,-0.179972768879013,0.0891840899362993,0.0513915907592379,0.0468813787712829,0.224395033739491,0.10605589274858,0.221717005481807,0.306795659827019
"Cottus cognatus",17,20,3.38789692185172,1.79907273055508,-0.0129892484825053,-1.19031944475838,0.984157733980983,3.70394709557385,1.77239035247036,-0.0160816987458063,-1.34837860711876,-14.1052242922149,-0.108927886284531,-0.0507077015328728,-0.0130598921567298,0.073587404573474,0.148416059782824,0.17100017864204,-0.0136506264975246,0.0715139644180568
"Ctenopharyngodon idella",15,25,2.72320563887575,1.53547172507047,-0.0263819226122681,-0.299904905171674,0.935310303696113,2.86908571512142,1.47975382324885,-0.02515444704733,-0.975881071140856,-9.54286012313509,0.157529661566642,-0.267682171634776,-0.198429831869989,-0.0061935304265335,-0.197041753496834,-0.263567273393094,-0.179768258999037,-0.219956956743558
"Culaea inconstans",143,28,2.73774122134971,1.8980970327785,0.00617144611219561,0.0471353323901889,0.986408646158056,2.7428984422885,1.89577590459485,0.00540796776343273,0.0624815041050954,-22.4188876292408,0.0288687571329845,0.0313466950005418,0.0864912275513156,0.0373114513232565,0.0539876677259743,0.195305796856483,-0.189134913039957,0.281952272446998
"Cycleptus elongatus",25,26,1.16426110595337,1.12407224813857,-0.00390397042645505,0.0880479426040799,0.936567511999698,1.16426110613184,1.12407224811633,-0.00390397042934437,0.0880479425410417,-19.0785835570573,0.167390786264086,0.0859269158677929,-0.211195370735636,0.0450814516963052,0.146940414454339,-0.20582866542236,0.300633920687313,-0.111214227525945
"Cyprinella analostana",141,28,2.00897093219183,1.78507272872958,0.0174697779514942,0.281206788846931,0.985992549592913,2.00670416920165,1.78561856315475,0.0177705335905936,0.275006095088,-21.3277330256821,-0.0273036497045647,0.0932589493152357,0.0678384297766495,0.00494651660125328,-0.275435583700483,0.123372813922328,-0.110199971079532,0.0716568597813611
"Cyprinella chloristia",40,19,2.50374213530883,1.79800644813529,0.0114353494829501,-0.633394753507615,0.987586716733698,2.50374213586644,1.79800644815314,0.0114353494934908,-0.633394754615919,-17.4649716133851,-0.120882545401717,0.0990488596451022,0.0840536534476062,-0.0169734754709515,0.137402672208619,-0.0710618694667157,0.289310504974738,0.161674223379477
"Cyprinella galactura",42,19,2.73616220054786,1.88469606930171,0.0267513701539547,-1.54861614403441,0.978015130022903,2.82030890248744,1.89062473857806,0.0323192353895673,-1.86426484909318,-14.9155742987072,-0.149258982336656,-0.182688258068537,0.0785784026603583,-0.0237028822440866,0.21140263384046,-0.10334419818782,0.28841402863802,0.167046620107427
"Cyprinella lutrensis",119,26,3.01858011555216,1.85836643232982,-0.0275712514850644,0.406580675450075,0.981397833410315,3.0185801143507,1.85836643225572,-0.0275712514748274,0.40658067703516,-21.8935378824956,0.0686303362259411,0.203613246910442,0.167027061076287,-0.0651488572463331,-0.0601575179348963,0.00348047839541253,-0.309330804249247,0.0153533564881683
"Cyprinella nivea",35,17,2.53998890574571,1.90237039951983,0.000347572243806741,-0.0765410330830732,0.984725773678517,2.46553863849308,1.90157922250936,0.00115500660050894,-0.011787681929004,-16.686152527941,0.097043598616965,-0.0542479509374813,0.0721927481157938,-0.0424498521569226,0.0654280234793368,-0.153390987534368,0.295206660134291,-0.26629469963511
"Cyprinella pyrrhomelas",52,19,2.94825480667126,1.78311820304708,-0.000920754986249066,-0.966134709803602,0.985932288560588,2.8856797468478,1.78339296052867,0.000935255947285303,-0.926689958665432,-17.8501708044434,-0.120882545401717,0.0990488596451022,0.0789616824235229,0.0280966976362657,0.140917709476192,-0.177342128247127,0.299712449643906,-0.0938855737468364
"Cyprinella spiloptera",200,37,2.94882730929493,1.73713114222867,-0.020607945561442,0.90989367765421,0.971583624661199,2.94845098283161,1.73876758639447,-0.0204781784853637,0.906613200564844,-21.2845572481829,0.000212201101785586,-0.225542480417338,0.0548488284946847,-0.0334647086062394,0.156914479634187,-0.0987252162708644,0.326846217500875,-0.101802275947117
"Cyprinella venusta",10,23,3.71465992785711,1.90257998268025,-0.033195935947546,-0.292407511305493,0.97359447254417,3.67413739313197,1.93257744555078,-0.0324796755848512,-0.335380865699483,-25.2118179953558,0.126499270805541,-0.107586977069382,0.105951451821683,-0.0449541006730441,0.155072966983514,-0.113627504213703,0.257938398515012,0.15224829886376
"Cyprinus carpio",198,37,3.58964460239291,1.73028763193675,-0.0302982894478839,-0.0874963595967807,0.96314525685484,3.68680099588075,1.72970838099199,-0.0308173532460234,-0.212468017946822,-18.7154416470922,0.312707044034564,-0.145640261805644,-0.19654290749862,-0.0458173812384581,-0.162023683158381,0.206036017704596,-0.362049696581841,0.0821089206110797
"Dorosoma cepedianum",119,37,4.38648165887037,1.81991333718673,-0.0266761427984329,-0.765680516067683,0.988662620605872,4.38648166730845,1.81991333784073,-0.026676142975432,-0.76568051887723,-21.1342893845857,0.248940185453487,-0.0861245044790845,-0.0369243505429876,0.049655624654994,-0.123186890290481,-0.338193038571866,-0.18534171433314,-0.233799879827637
"Dorosoma petenense",19,26,1.90367138980389,1.75334702979119,-0.0129218115843376,1.87857438221025,0.959598078761824,1.57571654589514,1.74989084418263,-0.00929011301627517,2.05864465333011,-12.567713332672,0.147986976367111,0.0338684013264814,0.132657506901042,-0.0793555629525645,-0.207699534341832,-0.304312767952536,-0.185778305132858,-0.225105377536999
"Enneacanthus gloriosus",61,26,3.54200461859039,1.87987824423568,-0.00821325795828902,-1.02553847082519,0.97241708510584,3.54200462005871,1.87987824426071,-0.00821325798836417,-1.02553847171535,-17.2932248875364,-0.0534762626383516,-0.0233307864368172,0.0654891714733755,-0.0581936139084957,-0.432232806979101,0.165185244529866,-0.29530924487773,-0.115805398934895
"Ericymba buccata",11,19,3.91336780805483,1.62289665371853,-0.0688629468649554,0.553703663235425,0.930150843389694,6.40370433144536,1.49907940444935,-0.0420487192027901,-4.02098466356879,-12.6131601218639,0.147986976367111,0.0338684013264814,0.0912913971524218,-0.019296791567281,-0.0154687932791729,-0.217445501220438,0.159751029623797,-0.316093939034994
"Erimyzon oblongus",170,27,2.4702971277614,1.82465440947715,0.00825944030576414,-0.22972999039603,0.972693230563697,2.4780487651368,1.82321318876996,0.00849842478203032,-0.25054353996263,-21.8787005896771,0.147986976367111,0.0338684013264814,0.000702640012452364,0.0446888080631619,0.0243711109371809,0.28784538092893,-0.184273166747249,0.283265354632982
"Esox americanus americanus",121,28,2.51538630642985,1.7413160589273,0.00429545124064144,-0.353550683616795,0.96351197549578,2.4996246356437,1.73379529177154,0.00426676838510047,-0.344696454930963,-19.5948524935316,-0.306501105533212,-0.0501195858549301,0.00198132145181609,-0.0575693307195922,-0.194724178618526,-0.23212818953693,-0.25039861301714,-0.01589181474645
"Esox lucius",195,29,2.22777220729612,1.55067632555742,-0.022128999004818,0.5837165549201,0.931628833942679,2.2609685499307,1.54964605179989,-0.0223680471835632,0.548063328852112,-20.0037816162668,-0.306501105533212,-0.0501195858549301,-0.266867329605721,0.168321945863989,-0.0911573247842824,0.259872967937562,-0.236492318807945,-0.0987599481556131
"Esox niger",71,26,2.18248044092999,1.68139305092507,-0.00346205198859703,0.0569633207458647,0.961443510494243,2.25264353095964,1.68470269861819,-0.00501152342093173,0.0365389558020023,-17.6117342202373,-0.306501105533212,-0.0501195858549301,-0.0840628728664493,0.0502409529152527,-0.259832293084171,-0.240654808902034,-0.253708316912193,-0.00663772472826398
"Etheostoma asprigene",36,26,2.73174319944681,1.40474220880028,-0.018112230982919,-0.451078852711181,0.937704382148559,2.74160975829967,1.4046970672468,-0.0181824388188513,-0.460551582220051,-17.1408587580641,-0.0874307466775726,0.218656210204196,0.0778794731982805,0.0609057541907534,-0.0445407663529673,0.0587347807152707,-0.0848032526221232,-0.235418248005158
"Etheostoma blennioides",39,31,1.08332412365266,1.67718211065919,-0.043606974818123,3.28300537955838,0.978030877606209,1.01746105353388,1.65728405152444,-0.0469083786561346,3.45468590381447,-10.5610209706817,-0.0835613093979992,0.235592540765975,0.0439894128728144,0.0725663839919716,0.0823092789890996,-0.15085127098925,0.283564751875419,0.0907393470530996
"Etheostoma caeruleum",38,32,0.550228530249696,1.81789314926521,-0.0297661456982699,3.85602535429455,0.974873611616548,0.308656815288996,1.81487440030363,-0.0309098881191673,4.2666922654999,-13.4460956445546,-0.0874307466775726,0.218656210204196,0.0870608463831429,0.0160409794159257,0.154793845536501,-0.0805626266895761,0.344226997594178,0.174459127367647
"Etheostoma exile",58,26,2.59419963747817,1.86563252218995,-0.00134064060603376,0.275593821891222,0.986261355211058,2.59419963615023,1.86563252165267,-0.00134064063219619,0.275593823524075,-21.2404921759638,-0.137571398735266,0.0682502795512869,0.0774716085894681,0.0446831098123109,-0.00430201029793129,0.227284661377695,-0.132032133971094,0.0254616837132304
"Etheostoma flabellare",196,34,2.38151629972032,1.84951172538296,-0.00849098548857405,0.74793276282337,0.984027434584618,2.43934399812846,1.84755463901224,-0.00873920743307657,0.678683734130501,-22.19542062836,-0.0874307466775726,0.218656210204196,0.0706672735521121,0.0575972562616227,0.159765276101535,-0.188576139309589,0.343861398412517,0.177962074857001
"Etheostoma nigrum",373,32,2.74221364192645,1.8270276966091,-0.0130493578137141,0.436253155252216,0.964566328029713,2.74221364137905,1.82702769662688,-0.0130493578044182,0.436253155606981,-24.4051635190801,-0.0835613093979992,0.235592540765975,0.071239206499857,0.0795085886711159,-0.107134275180249,0.108318211608443,-0.352650997279156,0.0797156578507568
"Etheostoma olmstedi",222,27,2.70627768593855,1.76754220326645,-0.0119045852302089,0.08200239643441,0.972109500062757,2.70627768756745,1.76754220337392,-0.0119045852334475,0.0820023941570843,-23.0005550936994,-0.0835613093979992,0.235592540765975,0.0904212939435028,0.0425740244799805,0.0312243152546576,0.080057342263037,-0.0243042638599794,0.190569820718108
"Etheostoma serrifer",23,18,2.38660273070438,1.66970247313325,-0.0066847303922996,-0.482383908802153,0.952768360150248,2.60463229066494,1.82679979280154,-0.00121732148537693,-0.496726460948517,-12.5398391670086,-0.0835613093979992,0.235592540765975,0.0867884184846822,0.103802246053512,-0.200396539255497,0.0835125580002389,-0.11053417085231,-0.203078392171501
"Etheostoma spectabile",24,24,2.01976622586317,1.61604319470305,-0.00072148834860445,0.31625610950235,0.983442806599928,2.01976622614551,1.61604319463647,-0.000721488351851348,0.31625610926284,-15.8712058367522,-0.0874307466775726,0.218656210204196,0.0786555431284027,0.0498838513172117,0.134584910788006,-0.179975058592702,0.284561489726543,-0.110281936583568
"Etheostoma vitreum",38,20,1.86977382998616,1.70462735586405,0.000571530711514239,0.378954049502138,0.968588281599826,1.86977383154888,1.70462735588543,0.000571530701799191,0.378954047696789,-14.6121400971979,-0.0835613093979992,0.235592540765975,0.0847851699643225,0.106950128978391,0.225760876145416,-0.0318277404941786,0.301940947890934,-0.106615776568986
"Etheostoma zonale",76,25,2.16914842417991,1.71355688604122,-0.00948382429908874,0.709856793298911,0.973357045699641,2.16914842260472,1.71355688598188,-0.00948382429499973,0.709856795089335,-19.2578636490283,-0.246449047815746,0.133896898523972,0.0522349266961926,0.0553911090218169,0.165253119480747,0.00263550341692972,0.384074648131437,0.290023737639385
"Exoglossum maxillingua",7,20,6.69406266904662,1.59925238248787,-0.00059720938062982,-5.74078247876745,0.994597337115109,6.69406266995887,1.59925238244747,-0.000597209402569767,-5.74078247952335,-Inf,0.193223847356719,-0.00655248069731163,0.0328522479803169,0.0540528117990171,0.21140263384046,-0.10334419818782,0.28841402863802,0.167046620107427
"Fundulus catenatus",5,15,14.9074124637342,1.30354661737103,-0.102496043194233,-14.2192908591004,0.95688102642884,18.1722041331923,1.39766112150803,-0.123693531640252,-18.1597192913267,-21.0428565351729,-0.204752002947738,-0.0428324499147343,0.0828291367509867,-0.0326535537364435,0.229919106410291,0.0269760960744799,0.214459386192443,-0.0742506951013177
"Fundulus diaphanus",10,15,1.82526347922512,1.79158465962222,0.0047551976912282,0.365002757885977,0.999018691746518,1.82526347922823,1.79158465962227,0.0047551976911917,0.365002757882489,-34.6620007451086,-0.0516351283804303,-0.0732242418333987,0.162952733558699,-0.0727731602049991,-0.084732914292355,0.177594964218098,-0.340088116439358,0.106899970450327
"Fundulus notatus",28,27,3.17204167631093,1.59957155603061,-0.0237105637964275,0.114917780289528,0.946152488910059,3.21986732114529,1.60190332470965,-0.0236546491519613,0.0355174760713311,-16.1130822936225,-0.120882545401717,0.0990488596451022,0.103240224839015,-0.0124712686415471,-0.0914964363434632,0.154990502505481,-0.299566213727234,-0.0968116526984886
"Fundulus olivaceus",9,22,2.46141926635202,1.51505867534776,-0.0134303701973586,-0.181336226719767,0.942927269327915,2.46141926500078,1.51505867521866,-0.0134303701915163,-0.181336225298542,-30.888468340591,-0.0273036497045647,0.0932589493152357,0.173238540700326,-0.0493938623103092,-0.0428554411804535,-0.112453316044076,0.0838359809309554,-0.310006430439861
"Fundulus rathbuni",62,24,0.655605922080687,1.88266908917321,0.0108889162118849,2.14964909381898,0.98556283019528,0.655605901752514,1.88266908932389,0.0108889162871642,2.1496491190722,-19.1172173798055,-0.120882545401717,0.0990488596451022,0.0682557146248737,0.0294966634093163,-0.114005763926192,0.0321283555767476,-0.0543670604046865,-0.204283212947394
"Gambusia affinis",35,26,2.95797585029736,1.78107484165163,-0.0148675915053704,-0.117194901511441,0.964783619144483,2.96808356322605,1.78333717995965,-0.0149715974964299,-0.125120880914359,-17.3835989166131,0.0138350105622201,0.0634023967897984,0.255553794336266,-0.0975025124878025,-0.0922950363065338,0.141296766219699,-0.255222845378854,-0.128574475162627
"Hiodon alosoides",28,26,2.87399923108803,1.71670824759828,-0.0209964182613699,0.554539120143372,0.967431406654071,2.51785658149832,1.7066970259302,-0.0187162187890211,1.03000920694127,-14.6527290717042,-0.120882545401717,0.0990488596451022,-0.0950067117461382,-0.0433472061650913,-0.036386516466274,-0.281648440987687,-0.164793909648774,-0.237909676126073
"Hiodon tergisus",33,26,0.79431348116202,1.35265213893364,0.00378733978410158,0.493140810354451,0.966012544307112,0.674484676480779,1.32488990005623,0.00275797189891384,0.725770294810436,-14.4669405134478,-0.120882545401717,0.0990488596451022,-0.0424836329284202,0.0206482445621388,0.0543466363274165,-0.16863842811187,-0.0226282827347928,-0.0752498912348681
"Hybognathus hankinsoni",143,29,3.08183905250073,1.89407872598871,0.00076511807218401,-0.277446482721724,0.985729620754249,3.0517142181131,1.89299058884437,0.00142207082535965,-0.250420522515532,-19.7441259197361,0.248940185453487,-0.0861245044790844,0.0506370488385496,0.0182852552439763,0.0473703940908684,0.113224232589944,0.0495571016279826,-0.0463442550967733
"Hybognathus nuchalis",33,24,2.28324844400656,1.83042599229871,-0.00808098933157239,0.925250400976547,0.973474357300132,1.89606823678374,1.77921109713435,-0.00481806029929605,1.13815649517341,-13.4404390610518,0.338702385863072,0.0579054026769036,0.0987741486655659,-0.017808925675449,-0.0436839771235773,0.0579104774860284,-0.0702185209632093,-0.223163652450819
"Hybognathus regius",52,24,3.72288119632587,1.89736311448664,-0.00232376309345055,-1.2034247092391,0.989884626960517,3.67936127811556,1.89389239622151,-0.00265560551227052,-1.1421427705013,-18.6316529908062,0.338702385863072,0.0579054026769036,0.0728318802649034,0.035459466789911,-0.20316027543586,0.0952394949172266,-0.180272409883526,0.0506823849074086
"Hybopsis amblops",18,18,2.76186473043917,1.8255612375364,-0.0375650581595848,0.355672638332762,0.985690888456252,2.66531089047992,1.82885179651092,-0.0335904638118069,0.35992783843545,-15.0029955449255,-0.0835613093979992,0.235592540765975,0.0829302507412839,0.0294384700642889,0.329148349784742,0.00796784404234415,0.334801009143616,-0.0876551976825969
"Hypentelium etowanum",6,18,4.75359392421974,1.36345413773115,-0.0257625872496619,-2.62451036260004,0.956410786141016,8.96811339902152,1.51426572327922,-0.048411376373066,-8.23649883374556,Inf,0.222197314793298,0.177934291797839,-0.0160882323509555,0.0445443389931731,0.340078843921719,-0.102880648717294,0.357088533084433,-0.0969717539952734
"Hypentelium nigricans",287,37,3.10494407274625,1.72526838382042,-0.0112257856546279,-0.182784695677604,0.977092328476241,3.1049441134798,1.72526838437773,-0.0112257857971144,-0.182784747981115,-24.4105675756849,0.415288660498125,0.0122518948823808,-0.0971500362248285,0.0321798564207382,0.327807783991927,-0.0822601102158255,0.352222969346906,0.173308230326329
"Hypophthalmichthys nobilis",13,22,2.22109040292499,1.44533488627769,-0.00752334072240577,-0.698001326331509,0.948916790686553,2.22109039981041,1.44533488715723,-0.00752334070964794,-0.698001320752451,-17.5288441573741,0.147986976367111,0.0338684013264814,-0.185419151229213,-0.0472334923703399,-0.0375289604286272,-0.39201187509868,0.0633240702948216,-0.33281614217547
"Ictalurus furcatus",14,26,0.0583607204126459,1.206733257971,0.0152490334072617,-0.020588786978125,0.981992311052524,-0.0745602948971614,1.18543073268833,0.0169538911938717,-0.0173563787172033,-19.1649030208908,-0.204752002947738,-0.0428324499147342,-0.28843140701195,0.00778491549239929,-0.252828189151279,-0.160038406513144,0.130272944507978,-0.292544789843956
"Ictalurus punctatus",200,36,2.69574674568019,1.72762266629863,-0.0333566145708018,1.22771904174051,0.955225982453854,2.69776517082391,1.72753309438819,-0.0333282199911444,1.22387154232428,-21.0009563809669,0.157529661566642,-0.267682171634776,-0.142973983473103,-0.0294983878394411,0.0598443108872017,0.0297762481182864,-0.0353060413040814,0.0417834929319264
"Ictiobus bubalus",48,26,3.13073114984601,1.7129072606297,-0.034474629001455,-0.111543724626398,0.917925243768917,3.09208972056421,1.72346724067762,-0.0334530583402674,-0.160072167651898,-12.5989848634707,0.338702385863072,0.0579054026769036,-0.147583161578565,-0.0233131363059604,-0.328991241202446,-0.238942110493954,-0.121371938873687,-0.215116519084848
"Ictiobus cyprinellus",64,26,1.33433590665417,1.58005291585724,-0.0293571905985867,2.35853010478654,0.904751893265402,1.40394712666446,1.581321340587,-0.0294488179362062,2.24372746153502,-15.0350642430118,0.147986976367111,0.0338684013264814,-0.224104865798756,0.0588404285906594,-0.279419760736206,0.0612005571625719,-0.310689836672619,-0.143932838212763
"Ictiobus niger",23,26,-0.883988291637409,1.02232549772492,0.0238152453525206,0.0728733016275623,0.956330940594172,-0.668978420413827,1.00845343284583,0.0174174843881424,0.368228927940886,-11.0472702827744,0.234749860041235,-0.128179405748626,-0.228958621080227,0.0537162548060117,-0.0131783275886848,0.384059078574136,0.0481708875164193,-0.0791785830072648
"Labidesthes sicculus",50,29,2.88264793222537,1.60128968075875,-0.0204911834182515,-0.137270676487038,0.949937790658844,2.88264793231908,1.6012896807463,-0.0204911834094662,-0.137270676841239,-16.5804655334989,-0.199715883722315,0.141641379049288,0.115305074993154,-0.0355098012760872,-0.0470921583797376,0.355516447399978,-0.193505139891202,0.262334447333093
"Lepisosteus oculatus",14,26,0.351459274366776,0.806938812682262,0.00628652986739209,-0.560670614005942,0.964346444670129,0.351459274528465,0.806938812725185,0.00628652986465815,-0.560670613913994,-22.5625897802703,-0.306501105533212,-0.0501195858549301,-0.183508511748714,-0.102198445586851,-0.196593497906906,-0.260628725026268,-0.188781087028253,-0.239005420611919
"Lepisosteus osseus",45,27,0.77288393267868,1.11284566201522,0.00384243951006967,-0.109645119546196,0.94869433632154,0.769156294101416,1.11113707673241,0.00404371244150864,-0.127763430500618,-18.0905746944351,-0.306501105533212,-0.0501195858549301,-0.351910625609424,0.044292358815783,-0.216098104081394,-0.318296407591022,-0.18882694151901,-0.224502288861656
"Lepisosteus platostomus",43,26,2.40205238394853,1.15613435203936,-0.0186054145428926,-1.04533576291175,0.903795366624925,2.0202916836074,1.07451690706763,-0.0137154316930645,-0.66735985171145,-13.3390211569096,-0.306501105533212,-0.0501195858549301,-0.15257559710583,-0.0231377015881419,-0.0653506810423727,-0.168989668500392,-0.142562440252645,-0.237898638470973
"Lepomis auritus",364,29,2.71569872208043,1.79906577067929,-0.00649144286223789,-0.0890056506242546,0.980598428036557,2.71524023948407,1.79915803177884,-0.00647177437903531,-0.0892937711837374,-25.6697605280864,-0.204752002947738,-0.0428324499147342,0.0121690421632208,0.0033393587711778,-0.0643834140005336,0.043935159659602,-0.316180223915041,0.0763667600259822
"Lepomis cyanellus",575,31,2.72456487209447,1.76320230631182,-0.00964941283679786,0.0838667690892669,0.965525620340027,2.72456486682809,1.76320230660168,-0.00964941285038933,0.0838667777257682,-26.2407114832504,-0.204752002947738,-0.0428324499147342,0.0290477914458064,-0.0721616906872468,-0.329652084091271,0.201129341412647,-0.373497582338406,0.0985024328447206
"Lepomis gibbosus",255,31,2.74478673394647,1.66667381771002,0.0100627427110338,-1.0121997559513,0.955715713495031,2.74976934183206,1.66790725282702,0.0100438165162879,-1.01513683243714,-22.6893778036414,-0.169700459659937,-0.258046629400051,0.0596716723533706,-0.130792350229471,-0.329652084091271,0.201129341412647,-0.373497582338406,0.0985024328447207
"Lepomis gulosus",214,29,2.50758837574464,1.48153751818627,-0.0040547306054651,-1.04798777280029,0.946124473832006,2.50758838088533,1.48153751849225,-0.00405473068007588,-1.04798777592411,-23.7466896736144,-0.204752002947738,-0.0428324499147342,0.0407729730495311,-0.0638667622920574,-0.449484067961949,0.0721946640028382,-0.371371401880896,0.105600412070789
"Lepomis humilis",129,28,2.50209208755116,1.74999865244034,-0.0189088395527659,0.898419552210372,0.969953177113766,2.50141016404485,1.75016563307205,-0.0188943040612432,0.899171245972883,-21.1828546732858,-0.204752002947738,-0.0428324499147342,0.0896966050341903,-0.0464851805878446,-0.132534658126158,0.011703348911889,-0.247479170471385,-0.181840593868408
"Lepomis macrochirus",602,33,2.70265402917214,1.72657917887586,-0.00397056757051602,-0.0108101247336165,0.96945350218506,2.70265402608564,1.72657917834796,-0.00397056749813611,-0.0108101243977449,-26.4980684791074,0.0153742886398394,-0.295564443772773,0.0269257462102068,-0.134755486640335,-0.268619592538258,-0.195789845636142,-0.238552135435256,-0.0068478539306967
"Lepomis marginatus",31,20,3.53487399115279,1.7259673560996,-0.0123919158998516,-1.46137032947732,0.976283105535224,3.53487399121009,1.72596735609422,-0.0123919159007259,-1.46137032953641,-17.6774828622816,0.147986976367111,0.0338684013264814,0.0660667365674832,-0.0602541543153845,-0.282126322427665,0.0901851021275272,-0.402749817538029,0.0845856819577966
"Lepomis megalotis",27,37,3.44974186854525,1.63182812405678,-0.0224052216825126,-0.674859645279129,0.965409354112296,3.42968094997849,1.64768112153546,-0.0213792775282957,-0.721164000571653,-15.9192958933112,-0.169700459659937,-0.258046629400051,0.0237205132513003,-0.032281324742048,-0.0132513350692377,-0.0432329618726688,-0.112833475662639,0.130870000959962
"Lepomis microlophus",148,29,2.24905961904167,1.6961981426965,-0.00200573217189109,0.194952278473022,0.950770421655531,2.24905961239872,1.69619814247172,-0.00200573206787994,0.194952280865434,-21.9790934706753,0.248940185453487,-0.0861245044790844,0.033537522915868,-0.0684317172721888,-0.276820758639163,0.0886126180076946,-0.37715514762679,0.08676791102983
"Lepomis punctatus",8,15,0.0401976585160477,1.89038611077879,0.0170685764523369,1.81419806569593,0.985899742077053,0.0401976591234503,1.89038611075682,0.0170685764418848,1.81419806534246,-66.1954493081178,0.157529661566642,-0.267682171634775,0.0759088008812866,-0.0590528616946158,-0.211195713348376,0.0725965924260265,-0.179796821741857,0.0472077078477221
"Lota lota",62,27,1.96711279077547,1.78314103989473,-0.0161867060646206,1.34777736209072,0.97950707862334,1.96711278935641,1.78314103986735,-0.016186706086115,1.34777736505196,-21.276196844415,-0.243723467862489,-0.0990959459434824,-0.320702651876195,0.0298636541961041,-0.0305956838631153,-0.0773080589612668,-0.0502121430220326,-0.10247637384139
"Luxilus albeolus",85,26,2.54627341607107,1.77291969732946,0.00329644064752532,-0.0507152289768119,0.982403444862559,2.5462734149043,1.77291969713884,0.00329644066768737,-0.0507152277741781,-19.115943985924,-0.199715883722315,0.141641379049288,0.0891003691185857,0.00460471072460135,0.201813342497142,0.253378328467479,0.0711469976490516,0.291981370007637
"Luxilus chrysocephalus",15,32,10.8209746579871,1.50116663062076,-0.059417735872248,-9.33081068853664,0.990391273061906,10.7647609117933,1.50848226002055,-0.0588321222045503,-9.31447746590645,-18.3049541844647,0.199013908566517,-0.352662844896268,0.102105399677887,-0.10825452693843,0.203622069856096,0.27071044376452,0.0579193489903964,0.407859873423232
"Luxilus coccogenis",66,20,1.92638644889591,1.83022041060561,-0.00117965640956964,0.595689019655536,0.9746229517647,1.926386448977,1.83022041057621,-0.00117965640624681,0.595689019466527,-18.1534153452903,-0.199715883722315,0.141641379049288,0.0430375121596196,0.0417026500609226,0.136256368867608,-0.168764658734023,0.284530068211876,0.161872172911525
"Luxilus cornutus",266,29,2.59336870202393,1.84291620456846,0.0075828985050665,-0.0318760068459533,0.985159307046696,2.59336870261041,1.84291620453928,0.00758289849860701,-0.0318760075804624,-24.362969084401,0.157529661566642,-0.267682171634775,0.0241979889419937,0.00993814450387541,0.226776766754564,0.256668700289806,0.147870382202485,0.308662370081699
"Lythrurus ardens",37,17,2.80717740743716,1.81457902919064,0.00163550533552082,-0.994629920211062,0.979944095596782,2.80717740680452,1.81457902913619,0.00163550535791943,-0.994629920179635,-15.8356651031595,0.147986976367111,0.0338684013264814,0.0821073181938831,0.0467517996062349,0.21380287811085,0.259185964937924,0.0823985284641172,0.306570889718806
"Lythrurus umbratilis",14,18,1.05876874147024,1.61546549847911,-0.0037443221631433,1.20887023537764,0.988482180584681,1.08365062387545,1.58815624497516,0.00289621247123219,0.778242397256705,-14.8076143699142,0.0138350105622201,0.0634023967897984,0.125136454393644,-0.0338554446565287,0.00949725119208713,-0.0139295508951263,0.0186724530598258,-0.0382141793991929
"Macrhybopsis storeriana",43,26,3.35620429304473,1.53142067411704,-0.0232716921403656,-0.657564910147165,0.930504393475925,3.34966151501342,1.53091945536375,-0.0228466050759027,-0.687686083036886,-16.2700195049538,-0.108927886284531,-0.0507077015328728,0.0281980019414874,0.0525133521623217,-0.113055868835742,0.0168591269084478,-0.0295732326520997,-0.225740419758304
"Margariscus margarita",24,16,1.04776844852854,1.87672141184506,-0.0167252924565417,2.33064908909035,0.993086294120643,1.04776844855674,1.87672141184419,-0.0167252924572946,2.33064908907117,-18.3360085939997,0.0684897146325495,-0.130213103757326,0.0326952872108214,0.0696934240850629,0.118569553972264,0.271087772633405,0.126774165678062,0.0194289995386016
"Micropterus dolomieu",281,36,2.71248609242353,1.72926450764018,-0.0273211626428535,0.857301684087651,0.969957952704476,2.72535541424729,1.72702430481699,-0.0275343628157185,0.851047860803235,-21.7861083356331,-0.204752002947738,-0.0428324499147342,-0.131476050920737,-0.00924329601227785,0.136858992411157,-0.177331622525814,0.361834873686161,0.223836955712318
"Micropterus punctulatus",41,30,1.85884456132773,1.75130328020546,-0.0287759573128082,1.79151969681948,0.969604475467402,1.85456848896436,1.75343371287287,-0.0287632337187927,1.79934215866168,-18.3158322762639,-0.204752002947738,-0.0428324499147342,-0.0497769621211345,0.0105626468494191,-0.415043979397045,0.166567260707254,-0.295928360387748,0.121072885051147
"Micropterus salmoides",532,35,2.58887710618829,1.62881967088056,-0.0024116403082372,-0.352439686200426,0.955280133832703,2.58892607875913,1.62877363795302,-0.00240641540410918,-0.353084416219246,-25.7955188970434,-0.204752002947738,-0.0428324499147342,-0.119039062367806,-0.0617840687568308,-0.0431971824944934,0.0637451490673722,-0.283008535439582,0.176726201790385
"Minytrema melanops",49,26,0.17813119243005,1.28398827388833,0.00110491033954614,1.61581822979603,0.91923406945337,0.178131190394564,1.28398827379099,0.00110491033853624,1.61581823302208,-16.2742646925126,0.222197314793298,0.177934291797839,-0.0502708136743811,0.0343788514607513,0.130838363622014,0.206257997155459,-0.0771314310832552,0.108507860661556
"Morone americana",17,23,2.52551456184365,1.53008991144481,-0.0178546963874846,0.081485487983786,0.949241358795502,3.32183677976075,1.52636178779005,-0.0227753097526829,-0.878643055888531,-12.8362128683871,-0.204752002947738,-0.0428324499147342,-0.120897301795723,0.0624023255936264,-0.212089022298804,-0.0557845424635739,-0.212317847854967,-0.231139449258387
"Morone chrysops",57,31,4.1326776860023,1.72821197916643,-0.0357937945077536,-0.860502815803445,0.970171839861791,4.16254080761571,1.72235672453635,-0.0359833358469124,-0.865955959668904,-15.342830171857,-0.306501105533212,-0.0501195858549301,-0.0376450905714048,0.108713775277669,0.148898556341568,-0.182210567799101,-0.0244995984651331,-0.0469713686526251
"Morone mississippiensis",32,26,2.08199041447047,1.45161005757563,-0.0162427149078834,0.76288997415047,0.95403456867659,2.08199041507425,1.45161005758388,-0.0162427149115757,0.762889973458802,-16.8221790630499,-0.306501105533212,-0.0501195858549301,-0.048732622612835,0.0270177156604108,0.149576704288501,-0.18496558215017,-0.032077938218028,-0.0541977662151998
"Moxostoma anisurum",86,33,3.42236564357864,1.64384635567569,-0.0358698529198137,0.220290075414188,0.95201796018062,3.42236564013834,1.64384635565919,-0.0358698528922517,0.22029007849267,-18.2463358837451,0.000212201101785566,-0.225542480417339,-0.190819460977353,0.0667714364563173,0.208301377503422,0.139135936378205,-0.0888661542917556,0.0671103033166473
"Moxostoma carinatum",18,27,2.34223825689371,1.16824268599692,-0.0177040239292399,-0.386983924013776,0.974065869943045,2.34223825796191,1.16824268597614,-0.0177040239359113,-0.386983925015491,-18.2509406116735,-0.0835613093979992,0.235592540765975,-0.101604098421446,0.0166007771713956,0.241739768437756,-0.140284919199623,0.389263529484729,-0.0735277045035218
"Moxostoma cervinum",22,16,1.61243597068563,1.69885575736476,0.00100012543617623,0.278214830960508,0.977307986678274,1.61243597106841,1.69885575738556,0.00100012542408537,0.27821483095619,-16.2481803500161,0.222197314793298,0.177934291797839,0.00216727597534972,-0.00760384456439406,0.121572503003191,0.0658857485472994,0.212192163295904,0.275701707459629
"Moxostoma duquesnii",76,37,1.77958316840017,1.6377026781924,-0.0221066286012876,1.69654274989993,0.971738728001425,1.77958316822507,1.63770267828569,-0.0221066286039529,1.6965427503342,-17.5257050893058,0.147986976367111,0.0338684013264814,-0.090799793665322,0.0419241383853891,0.298173163866591,-0.0692284967075451,0.333918516135647,0.217372462195041
"Moxostoma erythrurum",212,37,3.40525874928791,1.69129304344837,-0.0336767900959621,0.423989163728986,0.967320525869402,3.40506444665676,1.69125166445196,-0.0336754346206749,0.424054533024494,-22.138184231,0.222197314793298,0.177934291797839,-0.0963241609440867,-0.000842837376632925,0.0973746632631128,0.10190468684042,-0.196979706537543,0.381684127095741
"Moxostoma macrolepidotum",215,28,2.43066719525701,1.74152661048144,-0.039462682507305,1.70569199210689,0.968703104113673,2.43066719536048,1.74152661036888,-0.0394626825124402,1.70569199196966,-22.3671454203264,0.222197314793298,0.177934291797839,-0.134169862332831,0.0318609021992527,0.104633918391105,0.0772099276680209,-0.100511269191255,0.0344483484232621
"Moxostoma pappillosum",43,20,1.34729272993111,1.80771276711751,0.0192258931562339,0.634379546927822,0.972207603786362,1.34729272923712,1.80771276719445,0.0192258931679978,0.634379547589899,-16.4058535404034,0.166743122878359,0.0910343967179529,-0.105367143704217,-0.0255138732790762,0.136707509614783,0.234404294149795,-0.103940855550053,0.0392398002812872
"Moxostoma rupiscartes",76,21,2.06010193186265,1.79350296269639,0.0162830926405471,-0.440104486767878,0.982340853025547,2.12417818886043,1.79595733557607,0.0160258001825711,-0.520730545211846,-19.2232464379431,0.222197314793298,0.177934291797839,-0.0579262676068171,0.0861045446988402,0.0786049156093948,-0.160345393409037,0.272623698062997,-0.2591802971757
"Moxostoma valenciennesi",20,16,3.59239568681404,1.66647673817293,-0.00505191590803837,-2.03312956675266,0.98121257683596,3.54376125596045,1.66539610168632,-0.00501811020273452,-1.97697579352348,-16.5696569825413,-0.000603164651234632,0.113176911368686,-0.135111760854055,-0.0326874353970541,0.16878463142682,-0.0303353104797448,0.0567183317803152,-0.0357112511666151
"Nocomis biguttatus",163,28,2.72264679820065,1.80910704139327,0.00167095337574863,-0.200228360852437,0.985483229303549,2.72264680106684,1.80910704193137,0.00167095350283955,-0.200228370874233,-21.9491882941558,0.157529661566642,-0.267682171634775,0.0457230538066813,-0.027274118696123,0.151221662774149,0.180307844721961,0.174815801694032,0.022381635179236
"Nocomis leptocephalus",276,29,3.26380867694001,1.82309661413229,-0.00470386252769006,-0.723914917548627,0.984799374586548,3.2638086742126,1.82309661451033,-0.00470386253286159,-0.723914914488644,-24.9191024074925,0.157529661566642,-0.267682171634775,0.0517692613017968,0.0391551792133652,0.287056497551636,0.162762365414317,0.12676208411017,0.348310252604955
"Nocomis micropogon",53,31,3.84651437513062,1.83854702266919,-0.0395848110355437,-0.514600371324216,0.948146782223999,3.8465143754672,1.83854702266193,-0.0395848110384367,-0.514600371677549,-14.7377768493449,0.00409316605880758,-0.218948950745818,0.0141645082507827,0.0258148431589678,0.24784872455703,-0.0378280091024429,0.311171982933515,-0.0841172593312721
"Nocomis raneyi",18,16,2.02633732344146,1.77213136349795,-0.0155425239113602,0.804623926686856,0.986777011567931,2.02633733376697,1.77213136335861,-0.0155425237030945,0.804623906211511,-14.9832277226519,0.0040931660588076,-0.218948950745818,0.0234915129534138,0.0148255352612862,0.22007215732245,-0.0351909246398759,0.269933102750292,-0.103905526430898
"Notemigonus crysoleucas",231,28,2.55696933599244,1.6771667883297,-0.00646135446960883,-0.0716102160736547,0.965805920175373,2.55696933710111,1.67716678834956,-0.00646135446548104,-0.0716102185136573,-23.8225806709305,0.0904224777241826,-0.131363438371448,0.0525227457220514,-0.0406682378625256,-0.268619592538258,-0.195789845636142,-0.238552135435256,-0.00684785393069676
"Notropis alborus",42,16,4.18938330515175,1.85569581284154,-0.00858263593791954,-2.64528308939265,0.984219310647465,3.81136102249602,1.8483628109057,-0.0104995441429597,-2.06213698954277,-13.5316836219095,0.222197314793298,0.177934291797839,0.0915104525659918,0.0334676874326672,0.22021519825518,0.23626081212059,0.174574073857362,0.017447621787532
"Notropis altipinnis",79,26,3.70172407687735,1.84353856970946,-0.0104093321736,-1.00951231471882,0.990343584416593,3.36470462651244,1.84775967033292,-0.00757170617281314,-0.643561515791277,-19.3264654758167,-0.0273036497045647,0.0932589493152357,0.107833707430842,0.0187725263961251,0.12763639353734,-0.0783175627336644,0.276689731120431,-0.102349377874096
"Notropis amoenus",39,20,3.45741751689934,1.81055992236402,0.000909964969817391,-1.51635453594124,0.979033775556639,3.45741751531361,1.81055992230207,0.000909964996069523,-1.51635453496741,-15.8604397515318,-0.199715883722315,0.141641379049288,0.114630078932993,-0.0351937294198204,0.0337100632681261,-0.245447905966758,0.128408279186681,-0.312626475769905
"Notropis atherinoides",93,26,3.69493787405936,1.75575035379694,-0.0225892335352228,-0.39230457451033,0.98831690666255,3.69493787517111,1.75575035388236,-0.0225892335597231,-0.392304574950834,-19.8613539476302,0.256073788315662,-0.108094652157543,0.0926753012380108,-0.00654689563058792,0.0731343876169235,-0.0836336176571337,0.041212174087106,-0.0590371122673399
"Notropis cummingsae",44,22,2.76979003295686,1.80304862851859,-0.00328063949773806,-0.0508205386079457,0.970443317112355,2.76979003272487,1.80304862859978,-0.00328063949829826,-0.0508205383594129,-16.2873303436226,0.193223847356719,-0.00655248069731162,0.0909357832855502,0.0161930056052556,0.057983427590486,0.110624188216453,0.105646531096144,-0.0437640355215646
"Notropis dorsalis",240,29,2.26105481006966,1.86337328747546,0.00448882097856125,0.625142941045083,0.981991207383422,2.26105481240192,1.86337328743218,0.00448882096696545,0.625142938223409,-23.4999492873441,0.147986976367111,0.0338684013264814,0.0889625644824965,-0.0301252715170356,0.0258370462593864,-0.0231672643555643,0.112535942755054,-0.272693343831128
"Notropis heterolepis",48,20,2.80327987234359,1.91569199396355,-0.0053655724199115,-0.00769104346231799,0.990603678468798,2.66743990594612,1.92255019966392,-0.0021241106773381,0.0962632606264031,-17.5925983597227,0.0288687571329845,0.0313466950005419,0.103383355460289,-0.018345015446189,0.0543902533216601,0.272217325102551,-0.0472218451236813,0.0556659815714457
"Notropis hudsonius",161,27,2.67528975652619,1.73661867210591,-0.0193606850754799,0.646146779154712,0.970808713971994,2.67528977069354,1.73661867250057,-0.0193606851680361,0.646146764036574,-21.890474757699,-0.0744510248540928,-0.141343058670844,0.0474937027664533,0.0607258819810103,-0.107625753154868,-0.160043220396416,-0.246994834340111,0.011634554311413
"Notropis lutipinnis",12,20,4.47582216361157,1.59312519592926,0.00194662968605435,-3.17962454200219,0.978522165593634,3.76464925621418,1.60868417218031,0.00359840280044067,-2.39167492650542,-15.9283146390845,0.147986976367111,0.0338684013264814,0.103620027242235,-0.0123819188948251,-0.307515421212454,0.0192821344925131,-0.105829704307515,-0.17392073907309
"Notropis nubilus",20,24,2.89557105801014,1.78453659492616,-0.00572963888534147,-0.3757328358582,0.981010991349153,4.03189136040971,1.90281531002921,-0.0250030740375588,-1.01985247436407,-12.3681219613045,0.338702385863072,0.0579054026769037,0.0584120086617642,-0.00837383044037731,0.138637733956884,-0.178870362755414,0.314097697429833,-0.0991373078507958
"Notropis petersoni",20,20,0.204815847318768,1.76877320268592,0.00743121148976726,2.62349704327642,0.977737025723983,0.204815859512229,1.76877320244904,0.0074312112702079,2.62349703532044,-15.2472282949399,0.147986976367111,0.0338684013264814,0.0460684569527227,0.0171325185902216,0.124998835154002,-0.0855448217795716,-0.0501509251961289,0.186067124624985
"Notropis procne",91,28,2.15608160826332,1.83261453944984,0.00704848118928813,0.401111138863482,0.981360968309219,2.19565100899084,1.83492252785868,0.00646896074834046,0.367086707350952,-16.8965985673841,0.0138350105622201,0.0634023967897984,0.0603134878695423,0.00726235946310198,0.114874460723313,-0.0664768112644595,0.20117578122912,0.147879540020329
"Notropis scepticus",87,24,2.60496586976996,1.80248298601948,0.00511945809877583,-0.327818501319168,0.98491755729761,2.60496586983438,1.80248298605425,0.00511945809581012,-0.327818501321207,-19.5454611424761,0.0138350105622201,0.0634023967897984,0.0733484304815942,0.0254433312724882,0.23437258372796,0.251879994074979,0.223728528526621,0.082483215538711
"Notropis shumardi",13,25,0.654352224650204,1.79961100835513,-0.00330651511997378,1.65051362696826,0.929206818201336,0.654352224194924,1.7996110083914,-0.00330651511389261,1.65051362716915,-13.7625462790994,0.0138350105622201,0.0634023967897984,0.0903799115312173,-0.0301114559423871,-0.0212426840991721,-0.215368351106567,0.141133783576551,-0.309502008927118
"Notropis stramineus",229,37,3.15544700335018,1.84559806842742,-0.0104885448021126,0.177530899716161,0.977976997789293,3.15544701222324,1.84559806896646,-0.0104885448834825,0.177530893044888,-23.3563365760082,0.248940185453487,-0.0861245044790844,0.128090214821063,-0.0489991176087214,0.0501493500399031,-0.137653707699785,0.201801049861982,-0.0309544979130067
"Notropis texanus",18,26,0.103114316373978,1.7110095286382,0.016806446913638,1.87631234149824,0.991893813205547,0.238379244418303,1.72793114721622,0.0169483282986185,1.58862537546104,-16.5883728748378,0.248940185453487,-0.0861245044790844,0.0937318890005127,0.0153023251038014,0.117931851485449,-0.0158565963438282,0.251612985795617,0.162665911123025
"Notropis volucellus",46,27,4.4217199633623,1.80979015603066,-0.0273900400606348,-1.22547748539176,0.984346756708752,4.42171996313221,1.80979015606589,-0.0273900400540296,-1.22547748528483,-17.6457179155075,0.248940185453487,-0.0861245044790844,0.184546338242395,-0.0767235086527198,0.00787981609594957,-0.0294433253273624,0.0128052436176981,-0.304808971233501
"Noturus exilis",27,25,3.21436525308935,1.69167928848291,0.0262957746396232,-2.46204993289582,0.974715812723668,3.2143652528264,1.69167928844096,0.0262957746522619,-2.46204993305025,-14.4648355185481,-0.0835613093979992,0.235592540765975,0.0201565687008085,0.0174114336855262,0.235908215364838,-0.125080347405326,0.349269346537537,-0.0760386782418453
"Noturus flavus",177,35,2.67364563917318,1.68936537146577,-0.0064404889754387,-0.127071139092366,0.971265565621468,2.65618942264512,1.68714616115286,-0.00650684556735217,-0.100021001354357,-22.9257224396846,0.0618983517709354,-0.0833012252103827,-0.00847088186832151,-0.0613514212304484,0.242016459569696,-0.0186800736650488,0.341342721655358,0.194558589540923
"Noturus gyrinus",130,28,1.5982407021835,1.66457897670847,0.0113522297982556,0.26045792548523,0.936247666397829,1.59381280437278,1.67782353534523,0.0113941972464048,0.288806128461615,-18.2280335803089,-0.108927886284531,-0.0507077015328728,0.107153272801444,-0.0658071694273872,-0.337507012828527,-0.200219697235106,-0.237675730817795,0.000143811542237013
"Noturus insignis",257,28,2.36389314224125,1.78316990777852,0.00302310090647615,-0.109937007655463,0.982085416556529,2.36503791982455,1.78334206619141,0.00358236022540843,-0.12909873709554,-22.4852497730571,-0.179972768879013,0.0891840899362993,0.0402815268692733,0.0149127213446184,0.199687549052006,0.264877352149215,0.0818193717149042,0.348748443551956
"Noturus leptacanthus",5,15,6.35942114200669,1.57861390569532,-0.0659375457958249,-3.97832883525812,0.996249058017422,6.60143920399931,1.58413837384427,-0.0683840911122607,-4.21024807344117,-30.3756013444088,-0.0835613093979992,0.235592540765975,0.130133027375318,-0.0491103074760763,-0.0720953316057056,-0.128970955016414,0.163586628372781,-0.305137426683315
"Noturus nocturnus",13,23,0.608608667273583,1.12106608476311,0.00744151263045755,-0.63504284624851,0.982098039798567,0.60860866755569,1.1210660847672,0.00744151262894804,-0.635042846626251,-23.2688803196326,-0.0835613093979992,0.235592540765975,0.0706359579069712,-0.020223454425405,-0.351488822440587,0.0172744475840054,0.0115874054515997,-0.171048903820106
"Oncorhynchus clarkii",103,30,2.62794164940224,1.70973757054251,-0.0107670800970838,-0.197060428658861,0.98046006741449,2.62794164978452,1.70973757055925,-0.0107670800122738,-0.197060429938039,-19.7506709386681,-0.204752002947738,-0.0428324499147343,-0.0168326782182853,-0.183704882992456,-0.0368707908474574,-0.216553099332765,-0.236643941001606,0.0117902335484464
"Oncorhynchus mykiss",156,41,2.57668526245585,1.75576406559741,0.001901713473713,0.267935104445198,0.982130219664723,2.57567304987802,1.75677766686295,0.00186803863733254,0.270694757562519,-23.1956075928896,-0.24372346786249,-0.0990959459434822,-0.100501827532755,-0.154161931124514,0.113456294060715,-0.22497265820288,0.0471407661084666,0.213585898553819
"Opsopoeodus emiliae emiliae",19,23,3.01691917615233,1.5132704852838,-0.0162707716309835,-0.244796569925581,0.964617079387441,2.79002288187538,1.52412817467012,-0.0142685034083234,-0.158830747726463,-13.6794771889884,0.312707044034564,-0.145640261805644,0.0702769172768285,0.02465742622766,-0.0247998380146525,-0.127948372981887,-0.151294381059971,0.0798522746460775
"Perca flavescens",190,27,2.38761747999968,1.77795761051109,-0.0122453227818403,0.741618333918656,0.973221947622547,2.38761748227974,1.77795761057877,-0.0122453227652908,0.741618329889447,-22.5639297377222,-0.24372346786249,-0.0990959459434822,-0.130255126535713,0.0485753589251618,-0.0756812361127916,0.272362419769733,-0.276752059340871,0.211529769262559
"Percina caprodes",110,34,2.92239301308405,1.67360606184438,-0.0250789572163702,0.348344317255213,0.958010822792847,2.92239301255396,1.67360606182144,-0.0250789572053117,0.348344317227371,-19.9515685535512,-0.0874307466775726,0.218656210204196,0.0458260848656485,0.0658323361850752,0.0800992696436968,-0.170497798552846,0.0532849887512401,0.26003684668679
"Percina crassa",96,23,2.18696425972799,1.71459847186101,0.012510752739472,-0.502084701956311,0.970418784137234,2.18696425828313,1.71459847204258,0.0125107527268636,-0.502084699056055,-19.0019834504669,-0.0835613093979992,0.235592540765975,0.043939813717096,0.0465572485445884,0.147447255633259,-0.185896395727289,0.332315827109244,-0.0943298008820243
"Percina evides",34,15,2.28075542238204,1.88027451170922,0.0266979382614108,-1.3081222803107,0.98692214573283,1.97398371367007,1.89432631807652,0.0265173065662467,-0.816060307195548,-16.0017636475451,-0.0835613093979992,0.235592540765975,0.0395643575359175,0.0455831031813835,0.246140538304881,-0.141633364369924,0.344686335692282,-0.0908248932672951
"Percina maculata",137,28,2.44212172993453,1.87062569845982,0.00369751762256638,0.0592654624599537,0.983447699138798,2.44212172874341,1.87062569836816,0.00369751763560137,0.0592654636739521,-22.4964643235538,-0.24372346786249,-0.0990959459434822,0.0683947500350832,0.00964360607540063,0.109606098394458,0.0216120070235534,0.17216869203336,-0.0540742509582857
"Percina nigrofasciata",10,21,5.22229944432344,1.53395178366258,-0.0177587557892371,-3.55203641780104,0.97440868865885,5.9895477706359,1.6077796963928,-0.0422462490776555,-3.97394285766967,-21.3190986361009,-0.0835613093979992,0.235592540765975,0.0894390504271582,0.0453546148380163,-0.0179787235530642,0.133688776376708,0.00298480170520028,-0.188596829275206
"Percina phoxocephala",86,27,2.65200100577819,1.61923591708127,-0.0201156615726048,0.36074436172415,0.937212250353412,2.65200100638483,1.61923591727123,-0.0201156616015273,0.360744363312542,-19.2058754402645,-0.137571398735266,0.0682502795512869,0.0704478448095621,0.0353077504628716,0.0629824706794091,-0.275376373399782,0.197991906595126,-0.292174498550537
"Percina roanoka",60,21,2.54816253803139,1.75893540353288,-0.006377404355244,-0.266799970463002,0.979285811914374,2.38980448658338,1.76724461201055,-0.00555268482219418,-0.0845842691208911,-17.1323200427745,-0.0835613093979992,0.235592540765975,0.0625677019199061,0.0797102281916588,0.247894926459521,-0.0176475409496861,0.405742220670108,0.272888439544347
"Percopsis omiscomaycus",26,22,2.17789095158805,1.85328230899015,-0.0131579111518707,0.981776076095527,0.968697210612907,2.26344081138471,1.86865693711033,-0.0140482896423779,0.962912142395169,-15.8073803976296,-0.169700459659937,-0.258046629400051,0.0785286593436181,0.0206538829022086,-0.00166924267271401,0.347777583074309,-0.110965167823246,0.0193006411873827
"Phenacobius mirabilis",129,37,3.34439642635656,1.75559414144202,-0.00957395745443017,-0.475056841435001,0.964816183321683,3.39269453894465,1.76078481812702,-0.00993431109232145,-0.52951712553389,-20.2884837240515,0.0660403570999642,0.215792584193528,0.0580964930906447,-0.00698475323474762,0.069560175169527,0.120114986300014,0.105514692385507,0.243219109557448
"Pimephales notatus",263,37,3.12310506345684,1.78091801762708,-0.0144136656093508,0.358411656980339,0.97597048431308,3.12310506334179,1.78091801764887,-0.0144136656069799,0.358411657014885,-23.9217493450368,0.147986976367111,0.0338684013264814,0.105751044749681,-0.0299062911907791,0.102920985590611,0.209302234411299,-0.207435296069518,0.46715622268135
"Pimephales promelas",336,29,2.66102170817478,1.88847614446423,-0.00242565061861616,0.368146376729808,0.986089468126298,2.66102170788814,1.88847614437745,-0.00242565061540114,0.368146377124593,-27.0237223337262,0.147986976367111,0.0338684013264814,0.12670494903637,-0.0213204482174546,-0.468242403662037,0.0812808472616549,-0.449682683895332,0.180325110693091
"Pimephales vigilax",58,26,2.54607970619731,1.74247704235296,-0.0303294987220461,1.64015890622343,0.978084695952145,2.54607970578841,1.74247704241553,-0.0303294987181654,1.6401589064266,-18.4697323633617,0.338702385863072,0.0579054026769036,0.0876676663410342,-0.0120075278178355,0.0840611659436905,0.0250042272097155,0.239016072037395,0.168013938185907
"Platygobio gracilis",16,17,2.89511029181441,1.81004845609426,0.0298209696458911,-1.654027456082,0.997031752569893,2.89511029192069,1.81004845609291,0.0298209696469736,-1.65402745626884,-21.3054834806528,-0.149258982336656,-0.182688258068537,0.0591115228507951,-0.0620778286623992,-0.0488724050765888,-0.0877520502636009,0.156926804346354,-0.325406507840869
"Pomoxis annularis",78,31,2.28212123143738,1.59314063853518,-0.0193503303699974,0.67459646499038,0.958574075719805,2.28212123162001,1.59314063866577,-0.0193503303711807,0.674596465053829,-19.8144868332662,-0.204752002947739,-0.0428324499147343,-0.037933334574034,0.0342124906253983,-0.434209884054307,0.150525535951875,-0.28052684571356,-0.122025353869871
"Pomoxis nigromaculatus",185,27,2.57467317125174,1.58572676098984,-0.0163571057753423,-0.167313230191057,0.935385659382468,2.5746731733704,1.58572676138083,-0.0163571058656159,-0.167313229252776,-20.1736314595108,-0.204752002947739,-0.0428324499147343,-0.0485692032236996,0.0174576324809815,-0.429734282955466,0.178050798427785,-0.369712103685634,0.111530535772097
"Prosopium williamsoni",47,37,2.49695404453626,1.8343352823989,0.0187108257358733,0.398739458837346,0.989490856013282,2.49695404458232,1.83433528241169,0.0187108257400005,0.398739458716726,-19.9405807096558,-0.24372346786249,-0.0990959459434822,-0.103042468679444,-0.208100449420422,-0.0344496527909186,-0.0497837042690148,-0.0879806635489369,-0.219895105030545
"Ptychocheilus oregonensis",11,17,1.92301421110139,1.77222552579037,0.0353986460339978,-0.636826352109409,0.978551378006027,1.9937696490834,1.76304455784261,0.0256464960477687,-0.507413125710567,-18.1287355882997,-0.204752002947739,-0.0428324499147343,-0.159624534319671,-0.0857507167840791,-0.123926580366573,-0.00426869856389521,-0.202183882360117,-0.191288253673383
"Pylodictis olivaris",57,26,2.71989172250008,1.45382859130375,-0.0442444240830342,0.43128084593441,0.915894219243807,2.71989172242789,1.45382859138926,-0.0442444240743765,0.431280845495301,-16.3023714050865,-0.204752002947739,-0.0428324499147343,-0.271761835112716,-0.0631627203331983,0.0938368207882778,-0.0164629968667152,-0.00466227454265971,-0.0477442788240153
"Rhinichthys atratulus",122,33,2.50707365424099,1.81779521781794,0.00198639910950743,0.486525589152157,0.987329795003972,2.50707365215039,1.81779521769664,0.00198639910226625,0.486525592109537,-21.6259602997341,0.0914439740409541,-0.196098901716052,0.0723655700102729,0.0106771827324743,0.343637725163822,0.007483752775752,0.349373515698229,-0.0782323173909675
"Rhinichthys cataractae",170,27,2.39848895189548,1.8042814817392,0.001813981003816,0.271272684784098,0.984024459915565,2.39848895220362,1.80428148174454,0.00181398100808749,0.271272684295471,-22.4582303636151,0.0964834988506808,0.185419794653222,0.00520215517359431,0.0250519598729543,0.160092632495397,-0.115307609803183,0.0664884140507956,0.284468398111552
"Rhinichthys osculus",18,24,1.88386121312428,1.76633177331739,0.016645861214445,0.3022702359397,0.939680186030025,1.88386121342639,1.76633177338083,0.016645861273698,0.302270234083398,-10.4460644005371,0.147986976367111,0.0338684013264814,0.0914020053303163,-0.0386498258725358,-0.0245450627786741,0.0940173708210223,-0.204527100067878,0.291027216689145
"Richardsonius balteatus",20,22,2.71649131548444,1.67834007795016,-0.0200089985706903,0.00976276540850954,0.957436740669542,2.71649131713265,1.67834007788465,-0.0200089985995173,0.0097627637066932,-13.285765985012,-0.0744510248540928,-0.141343058670844,0.0384159554313275,-0.0414763048742664,-0.251507032502777,0.0713325174424491,-0.212273919959796,-0.110885344156649
"Salmo trutta",194,40,2.6928499873865,1.78299108765722,-0.0123924023853765,0.438243921959086,0.985622700303109,2.69463996642741,1.78451381329217,-0.0124390088106591,0.43590510663147,-24.0838821771906,-0.204752002947739,-0.0428324499147343,-0.252977038404451,-0.149908355744778,0.10492201506766,0.200141085892632,-0.0672402474758864,0.329451309734509
"Salvelinus confluentus",58,22,1.78778863017861,1.62011200813932,0.0249408968141272,-0.0773474034032318,0.986205429753676,1.78778863030846,1.62011200816561,0.0249408967932234,-0.0773474035020702,-17.9541447994513,-0.204752002947739,-0.0428324499147343,-0.23804678560181,-0.183406069680976,0.148650279401491,-0.0927753312398967,0.261603007128032,-0.0973636463469143
"Salvelinus fontinalis",119,32,2.52057881402696,1.76800043521195,0.015592064415342,-0.194411393474366,0.982484535445655,2.51263515435214,1.76634187166505,0.0150098597164462,-0.175501254858918,-21.9303231532427,-0.204752002947739,-0.0428324499147343,-0.164374459789895,-0.111567119414505,0.0249980326059572,0.240593701305613,-0.0497868386053658,0.0531523137918363
"Sander canadensis",43,29,4.1142218880315,1.63187716760611,-0.0358185415781596,-1.69263117624186,0.947231182115944,4.11422188843602,1.63187716766928,-0.0358185415846771,-1.69263117647969,-16.4799950702558,-0.306501105533212,-0.0501195858549301,-0.105487573497375,0.0340060063788389,0.145142987401037,0.0302986414693555,-0.0169703247011678,-0.0289450899093066
"Sander vitreus",152,29,2.73485368538799,1.57220396406825,-0.0232318740179145,0.0372057379766541,0.960363461081035,2.73485368829837,1.57220396408152,-0.0232318740352935,0.0372057346303064,-21.8490570680204,-0.306501105533212,-0.0501195858549301,-0.189947443581762,0.0832186125091141,0.140738377871225,0.0319974665103089,-0.0137809380301792,-0.037715545891035
"Semotilus atromaculatus",619,36,2.792415981232,1.83073082613897,-0.00410329690787759,0.201750489039427,0.983578202766433,2.77073636903482,1.83014656520818,-0.00339397265522673,0.213053030380841,-21.8469776735988,0.0153742886398394,-0.295564443772773,0.00919936862587426,0.0485691998775094,-0.100412130238005,0.120746478456826,-0.0377931489706935,-0.179533361618667
"Umbra limi",137,29,2.69636554087695,1.91222959443655,-0.00729006597459212,0.308800400848303,0.978304178260889,2.69636554248482,1.91222959422419,-0.00729006597781681,0.308800398658323,-22.5747656957418,-0.149258982336656,-0.182688258068537,0.0713176696198301,0.0993136167559358,-0.00791166871074181,0.2382609698451,-0.136570701127971,0.0278575017916092
"Umbra pygmaea",39,17,2.88121785073045,1.71217387790152,-0.00654980897821074,-1.09156797743658,0.957385120449526,2.90383838427213,1.71621082927363,-0.00632125220254028,-1.11286910601383,-16.1616135699039,-0.204752002947739,-0.0428324499147343,0.0802962608755643,0.122537702073344,-0.450816761359118,0.058202625612389,-0.295781856953246,-0.121087251232294
